data;dzien_tygodnia;rok;miesiac;lokalizacja;liczba_pracownikow;pracownicy;godziny_razem;utarg_wpisany;utarg_brutto;utarg_efektywny;prowizja_glovo;karta;glovo_brutto;glovo_netto;gotowka;udzial_karty_proc;udzial_glovo_proc;utarg_na_godzine;pozycje_produktow;suma_sztuk;ostatnia_aktualizacja
01.07.2025;wtorek;2025;7;Osiek;1;"Radek K. (14:00-20:30)";6,50;nie;;0;0,00;;0;0,00;0;;;;8;41;2025-07-08T13:43:24.837131
01.07.2025;wtorek;2025;7;Oświęcim;1;"Sebastian M. (12:00-21:30)";9,50;nie;;0;0,00;;0;0,00;0;;;;5;12;2025-07-08T13:43:24.836528
02.07.2025;środa;2025;7;Osiek;1;"Paweł K. (14:00-20:30)";6,50;nie;;0;0,00;;0;0,00;0;;;;0;0;2025-07-08T13:43:24.834565
02.07.2025;środa;2025;7;Oświęcim;1;"Sebastian M. (12:00-21:30)";9,50;nie;;0;0,00;;0;0,00;0;;;;10;37;2025-07-08T13:43:24.835956
03.07.2025;czwartek;2025;7;Osiek;1;"Tomek K. (12:00-20:30)";8,50;nie;;0;0,00;;0;0,00;0;;;;10;29;2025-07-08T13:43:24.834565
03.07.2025;czwartek;2025;7;Oświęcim;0;"";0,00;nie;;0;0,00;;0;0,00;0;;;;7;10;2025-07-08T13:43:24.835172
04.07.2025;piątek;2025;7;Osiek;1;"Radek K. (14:00-21:30)";7,50;nie;;0;0,00;;0;0,00;0;;;;7;7;2025-07-08T13:43:24.833986
04.07.2025;piątek;2025;7;Oświęcim;2;"Sebastian M. (12:00-22:00) | Kacper J. (16:00-22:00)";16,00;nie;;0;0,00;;0;0,00;0;;;;12;37;2025-07-08T13:43:24.833359
05.07.2025;sobota;2025;7;Osiek;2;"Radek K. (12:00-21:30) | Tomek K. (12:00-21:30)";19,00;nie;;0;0,00;;0;0,00;0;;;;11;49;2025-07-08T13:43:24.832570
05.07.2025;sobota;2025;7;Oświęcim;2;"Sebastian M. (12:00-21:30) | Kacper J. (14:00-21:30)";17,00;nie;;0;0,00;;0;0,00;0;;;;11;45;2025-07-08T13:43:24.831763
06.07.2025;niedziela;2025;7;Osiek;2;"Sebastian M. (12:00-22:00) | Dominik Ż. (12:00-22:00)";20,00;nie;;0;0,00;;0;0,00;0;;;;11;16;2025-07-08T13:43:24.831201
06.07.2025;niedziela;2025;7;Oświęcim;2;"Paweł K. (14:00-21:30) | Natalia D. (14:00-21:30)";15,00;nie;;0;0,00;;0;0,00;0;;;;9;36;2025-07-08T13:43:24.830599
07.07.2025;poniedziałek;2025;7;Osiek;1;"Radek K. (14:00-20:30)";6,50;nie;;0;0,00;;0;0,00;0;;;;5;5;2025-07-08T13:43:24.829795
07.07.2025;poniedziałek;2025;7;Oświęcim;1;"Paweł K. (13:00-21:30)";8,50;nie;;0;0,00;;0;0,00;0;;;;6;6;2025-07-08T13:43:24.829087
08.07.2025;wtorek;2025;7;Osiek;1;"Radek K. (14:00-20:30)";6,50;nie;;0;0,00;;0;0,00;0;;;;12;17;2025-07-08T18:18:53.925Z
08.07.2025;wtorek;2025;7;Oświęcim;1;"Tomek K. (12:00-21:30)";9,50;nie;;0;0,00;;0;0,00;0;;;;16;20;2025-07-08T18:17:54.739Z
09.07.2025;środa;2025;7;Osiek;1;"Tomek K. (14:00-20:30)";6,50;nie;;0;0,00;;0;0,00;0;;;;6;32;2025-07-09T18:04:22.130Z
09.07.2025;środa;2025;7;Oświęcim;1;"Sebastian M. (12:00-21:30)";9,50;nie;;0;0,00;;0;0,00;0;;;;13;17;2025-07-09T19:31:50.184Z
10.07.2025;czwartek;2025;7;Osiek;1;"Radek K. (14:00-21:00)";7,00;nie;;0;0,00;;0;0,00;0;;;;8;9;2025-07-10T18:33:15.430Z
10.07.2025;czwartek;2025;7;Oświęcim;1;"Tomek K. (12:00-21:30)";9,50;nie;;0;0,00;;0;0,00;0;;;;7;22;2025-07-10T19:00:27.758Z
11.07.2025;piątek;2025;7;Osiek;1;"Radek K. (14:00-22:00)";8,00;nie;;0;0,00;;0;0,00;0;;;;22;33;2025-07-11T19:41:12.092Z
11.07.2025;piątek;2025;7;Oświęcim;2;"Sebastian M. (12:00-21:30) | Natalia D. (16:00-21:30)";15,00;nie;;0;0,00;;0;0,00;0;;;;18;38;2025-07-11T19:25:50.675Z
12.07.2025;sobota;2025;7;Osiek;2;"Radek K. (12:00-21:30) | Tomek K. (14:00-21:30)";17,00;nie;;0;0,00;;0;0,00;0;;;;24;33;2025-07-12T19:05:53.639Z
12.07.2025;sobota;2025;7;Oświęcim;2;"Sebastian M. (12:00-22:00) | Kacper J. (14:00-22:00)";18,00;nie;;0;0,00;;0;0,00;0;;;;20;42;2025-07-12T19:54:01.960Z
13.07.2025;niedziela;2025;7;Osiek;2;"Sebastian M. (12:00-22:00) | Kacper J. (12:00-22:00)";20,00;nie;;0;0,00;;0;0,00;0;;;;19;27;2025-07-13T19:33:47.373Z
13.07.2025;niedziela;2025;7;Oświęcim;2;"Paweł K. (14:00-21:30) | Natalia D. (14:00-21:30)";15,00;nie;;0;0,00;;0;0,00;0;;;;13;30;2025-07-13T19:13:27.677Z
14.07.2025;poniedziałek;2025;7;Osiek;1;"Radek K. (14:00-20:30)";6,50;nie;;0;0,00;;0;0,00;0;;;;8;35;2025-07-14T18:13:57.884Z
14.07.2025;poniedziałek;2025;7;Oświęcim;2;"Sebastian M. (12:00-20:30) | Kacper J. (16:30-19:00)";11,00;nie;;0;0,00;;0;0,00;0;;;;22;27;2025-07-14T18:09:19.115Z
15.07.2025;wtorek;2025;7;Osiek;1;"Radek K. (14:00-21:00)";7,00;nie;;0;0,00;;0;0,00;0;;;;11;38;2025-07-15T18:33:51.224Z
15.07.2025;wtorek;2025;7;Oświęcim;1;"Tomek K. (12:00-21:30)";9,50;nie;;0;0,00;;0;0,00;0;;;;12;32;2025-07-15T18:35:58.124Z
16.07.2025;środa;2025;7;Osiek;1;"Radek K. (14:00-20:30)";6,50;nie;;0;0,00;;0;0,00;0;;;;11;17;2025-07-16T18:07:20.707Z
16.07.2025;środa;2025;7;Oświęcim;1;"Tomek K. (12:00-21:30)";9,50;nie;;0;0,00;;0;0,00;0;;;;10;15;2025-07-16T18:48:21.055Z
17.07.2025;czwartek;2025;7;Osiek;1;"Paweł K. (14:00-20:00)";6,00;nie;;0;0,00;;0;0,00;0;;;;7;29;2025-07-17T18:14:46.682Z
17.07.2025;czwartek;2025;7;Oświęcim;1;"Tomek K. (12:00-21:30)";9,50;nie;;0;0,00;;0;0,00;0;;;;13;38;2025-07-17T19:01:58.104Z
18.07.2025;piątek;2025;7;Osiek;1;"Radek K. (14:00-22:00)";8,00;nie;;0;0,00;;0;0,00;0;;;;11;40;2025-07-18T19:36:18.995Z
18.07.2025;piątek;2025;7;Oświęcim;2;"Sebastian M. (12:00-21:30) | Kacper J. (16:00-21:30)";15,00;nie;;0;0,00;;0;0,00;0;;;;19;36;2025-07-18T19:26:31.680Z
19.07.2025;sobota;2025;7;Osiek;2;"Radek K. (12:00-21:30) | Tomek K. (14:00-21:30)";17,00;nie;;0;0,00;;0;0,00;0;;;;16;27;2025-07-19T19:11:10.561Z
19.07.2025;sobota;2025;7;Oświęcim;2;"Sebastian M. (12:00-21:30) | Kacper J. (14:00-21:30)";17,00;nie;;0;0,00;;0;0,00;0;;;;20;41;2025-07-19T19:31:25.073Z
20.07.2025;niedziela;2025;7;Osiek;2;"Sebastian M. (12:00-21:30) | Dominik Ż. (12:00-21:30)";19,00;nie;;0;0,00;;0;0,00;0;;;;14;20;2025-07-20T18:54:50.321Z
20.07.2025;niedziela;2025;7;Oświęcim;2;"Paweł K. (14:00-21:00) | Natalia D. (14:00-21:00)";14,00;nie;;0;0,00;;0;0,00;0;;;;16;20;2025-07-20T19:08:26.767Z
21.07.2025;poniedziałek;2025;7;Osiek;1;"Radek K. (14:00-20:30)";6,50;nie;;0;0,00;;0;0,00;0;;;;12;33;2025-07-21T18:22:13.689Z
21.07.2025;poniedziałek;2025;7;Oświęcim;2;"Sebastian M. (12:00-21:30) | Kacper J. (17:30-21:30)";13,50;nie;;0;0,00;;0;0,00;0;;;;16;28;2025-07-21T19:24:36.823Z
22.07.2025;wtorek;2025;7;Osiek;1;"Radek K. (14:00-20:30)";6,50;nie;;0;0,00;;0;0,00;0;;;;13;16;2025-07-22T18:09:03.515Z
22.07.2025;wtorek;2025;7;Oświęcim;1;"Tomek K. (12:00-21:30)";9,50;nie;;0;0,00;;0;0,00;0;;;;16;26;2025-07-22T19:14:03.626Z
23.07.2025;środa;2025;7;Osiek;1;"Paweł K. (14:00-20:30)";6,50;nie;;0;0,00;;0;0,00;0;;;;13;30;2025-07-23T18:25:31.064Z
23.07.2025;środa;2025;7;Oświęcim;1;"Tomek K. (12:00-21:30)";9,50;nie;;0;0,00;;0;0,00;0;;;;14;28;2025-07-23T19:04:00.714Z
24.07.2025;czwartek;2025;7;Osiek;1;"Radek K. (14:00-20:30)";6,50;nie;;0;0,00;;0;0,00;0;;;;12;25;2025-07-24T18:21:07.575Z
24.07.2025;czwartek;2025;7;Oświęcim;1;"Tomek K. (12:00-21:30)";9,50;nie;;0;0,00;;0;0,00;0;;;;18;47;2025-07-24T19:19:22.426Z
25.07.2025;piątek;2025;7;Osiek;1;"Radek K. (14:00-21:30)";7,50;nie;;0;0,00;;0;0,00;0;;;;21;42;2025-07-25T18:51:46.553Z
25.07.2025;piątek;2025;7;Oświęcim;2;"Sebastian M. (12:00-21:30) | Kacper J. (16:00-21:30)";15,00;nie;;0;0,00;;0;0,00;0;;;;21;62;2025-07-25T19:28:01.427Z
26.07.2025;sobota;2025;7;Osiek;1;"Radek K. (12:00-21:00)";9,00;nie;;0;0,00;;0;0,00;0;;;;13;23;2025-07-26T18:35:33.240Z
26.07.2025;sobota;2025;7;Oświęcim;2;"Sebastian M. (12:00-22:00) | Kacper J. (14:00-22:00)";18,00;nie;;0;0,00;;0;0,00;0;;;;14;31;2025-07-26T19:52:38.353Z
27.07.2025;niedziela;2025;7;Oświęcim;2;"Sebastian M. (12:00-22:00) | Kacper J. (12:00-22:00)";20,00;nie;;0;0,00;;0;0,00;0;;;;20;30;2025-07-27T19:34:01.187Z
28.07.2025;poniedziałek;2025;7;Osiek;1;"Radek K. (14:00-20:30)";6,50;nie;;0;0,00;;0;0,00;0;;;;11;36;2025-07-28T18:09:24.999Z
28.07.2025;poniedziałek;2025;7;Oświęcim;1;"Tomek K. (12:00-21:30)";9,50;nie;;0;0,00;;0;0,00;0;;;;14;34;2025-07-28T18:59:47.555Z
29.07.2025;wtorek;2025;7;Osiek;1;"Radek K. (14:00-20:30)";6,50;nie;;0;0,00;;0;0,00;0;;;;7;30;2025-07-29T18:14:43.726Z
29.07.2025;wtorek;2025;7;Oświęcim;1;"Tomek K. (12:00-21:30)";9,50;nie;;0;0,00;;0;0,00;0;;;;19;24;2025-07-29T18:55:56.563Z
30.07.2025;środa;2025;7;Osiek;1;"Tomek K. (14:00-20:30)";6,50;nie;;0;0,00;;0;0,00;0;;;;18;35;2025-07-30T17:35:08.293Z
30.07.2025;środa;2025;7;Oświęcim;1;"Sebastian M. (12:00-21:30)";9,50;nie;;0;0,00;;0;0,00;0;;;;15;44;2025-07-30T19:34:19.880Z
31.07.2025;czwartek;2025;7;Osiek;1;"Radek K. (14:00-21:00)";7,00;nie;;0;0,00;;0;0,00;0;;;;14;34;2025-07-31T18:28:17.670Z
31.07.2025;czwartek;2025;7;Oświęcim;1;"Tomek K. (12:00-22:00)";10,00;nie;;0;0,00;;0;0,00;0;;;;20;27;2025-07-31T19:29:48.151Z
01.08.2025;piątek;2025;8;Osiek;1;"Radek K. (14:00-21:00)";7,00;nie;;0;0,00;;0;0,00;0;;;;12;20;2025-08-01T18:53:48.299Z
01.08.2025;piątek;2025;8;Oświęcim;1;"Tomek K. (12:00-22:00)";10,00;nie;;0;0,00;;0;0,00;0;;;;16;29;2025-08-01T19:33:08.677Z
02.08.2025;sobota;2025;8;Osiek;2;"Sebastian M. (12:00-22:00) | Kacper J. (12:00-22:00)";20,00;nie;;0;0,00;;0;0,00;0;;;;20;46;2025-08-02T19:37:24.034Z
02.08.2025;sobota;2025;8;Oświęcim;2;"Sebastian M. (12:00-22:00) | Kacper J. (12:00-22:00)";20,00;nie;;0;0,00;;0;0,00;0;;;;20;46;2025-08-02T19:36:58.986Z
03.08.2025;niedziela;2025;8;Osiek;0;"";0,00;nie;;0;0,00;;0;0,00;0;;;;0;0;2025-08-04T05:00:39.333Z
03.08.2025;niedziela;2025;8;Oświęcim;0;"";0,00;nie;;0;0,00;;0;0,00;0;;;;0;0;2025-08-04T05:00:37.173Z
04.08.2025;poniedziałek;2025;8;Osiek;1;"Radek K. (14:00-20:30)";6,50;nie;;0;0,00;;0;0,00;0;;;;6;6;2025-08-04T18:17:46.647Z
04.08.2025;poniedziałek;2025;8;Oświęcim;1;"Tomek K. (12:00-21:30)";9,50;nie;;0;0,00;;0;0,00;0;;;;13;40;2025-08-04T19:15:00.659Z
05.08.2025;wtorek;2025;8;Osiek;1;"Radek K. (14:00-21:00)";7,00;nie;;0;0,00;;0;0,00;0;;;;12;21;2025-08-05T18:33:50.765Z
05.08.2025;wtorek;2025;8;Oświęcim;1;"Tomek K. (12:00-21:30)";9,50;nie;;0;0,00;;0;0,00;0;;;;18;41;2025-08-05T19:21:08.916Z
06.08.2025;środa;2025;8;Osiek;1;"Radek K. (14:00-20:30)";6,50;nie;;0;0,00;;0;0,00;0;;;;8;32;2025-08-06T18:24:10.674Z
06.08.2025;środa;2025;8;Oświęcim;1;"Tomek K. (12:00-21:30)";9,50;nie;;0;0,00;;0;0,00;0;;;;17;24;2025-08-06T19:00:58.598Z
16.08.2025;sobota;2025;8;Osiek;2;"Radek K. (12:00-21:30) | Tomek K. (12:00-21:30)";19,00;nie;;0;0,00;;0;0,00;0;;;;23;39;2025-08-16T19:02:31.654Z
16.08.2025;sobota;2025;8;Oświęcim;2;"Paweł K. (12:00-21:30) | Natalia D. (14:00-21:30)";17,00;nie;;0;0,00;;0;0,00;0;;;;8;12;2025-08-16T19:13:28.431Z
17.08.2025;niedziela;2025;8;Osiek;3;"Radek K. (12:00-19:30) | Sebastian M. (12:00-21:00) | Natalia D. (19:00-21:00)";18,50;nie;;0;0,00;;0;0,00;0;;;;21;30;2025-08-17T18:40:30.461Z
17.08.2025;niedziela;2025;8;Oświęcim;2;"Natalia D. (14:00-22:00) | Kacper J. (14:00-22:00)";16,00;nie;;0;0,00;;0;0,00;0;;;;21;49;2025-08-17T19:41:11.223Z
18.08.2025;poniedziałek;2025;8;Osiek;1;"Paweł K. (14:00-20:30)";6,50;nie;;0;0,00;;0;0,00;0;;;;14;23;2025-08-18T18:39:39.953Z
18.08.2025;poniedziałek;2025;8;Oświęcim;1;"Sebastian M. (12:00-21:30)";9,50;nie;;0;0,00;;0;0,00;0;;;;21;59;2025-08-18T19:21:10.495Z
19.08.2025;wtorek;2025;8;Osiek;1;"Radek K. (14:00-20:30)";6,50;nie;;0;0,00;;0;0,00;0;;;;13;14;2025-08-19T18:25:15.462Z
19.08.2025;wtorek;2025;8;Oświęcim;1;"Tomek K. (12:00-21:30)";9,50;nie;;0;0,00;;0;0,00;0;;;;16;27;2025-08-19T19:05:22.024Z
20.08.2025;środa;2025;8;Osiek;1;"Radek K. (14:00-21:00)";7,00;nie;;0;0,00;;0;0,00;0;;;;16;29;2025-08-20T18:33:20.170Z
20.08.2025;środa;2025;8;Oświęcim;1;"Tomek K. (12:00-21:30)";9,50;nie;;0;0,00;;0;0,00;0;;;;6;43;2025-08-20T18:35:25.930Z
21.08.2025;czwartek;2025;8;Osiek;1;"Radek K. (14:00-20:30)";6,50;nie;;0;0,00;;0;0,00;0;;;;9;25;2025-08-21T18:19:08.725Z
21.08.2025;czwartek;2025;8;Oświęcim;1;"Tomek K. (12:00-21:30)";9,50;nie;;0;0,00;;0;0,00;0;;;;15;54;2025-08-21T18:45:36.798Z
22.08.2025;piątek;2025;8;Osiek;1;"Radek K. (14:00-21:00)";7,00;nie;;0;0,00;;0;0,00;0;;;;12;33;2025-08-22T18:46:55.910Z
22.08.2025;piątek;2025;8;Oświęcim;2;"Sebastian M. (12:00-21:30) | Kacper J. (16:00-21:30)";15,00;nie;;0;0,00;;0;0,00;0;;;;19;57;2025-08-22T19:30:06.386Z
23.08.2025;sobota;2025;8;Osiek;2;"Radek K. (12:00-21:30) | Tomek K. (12:00-21:30)";19,00;nie;;0;0,00;;0;0,00;0;;;;17;37;2025-08-23T19:00:05.592Z
23.08.2025;sobota;2025;8;Oświęcim;2;"Sebastian M. (12:00-21:30) | Kacper J. (14:00-21:30)";17,00;nie;;0;0,00;;0;0,00;0;;;;15;60;2025-08-23T19:16:20.002Z
25.08.2025;poniedziałek;2025;8;Osiek;1;"Radek K. (14:00-21:00)";7,00;nie;;0;0,00;;0;0,00;0;;;;14;31;2025-08-25T18:27:11.675Z
25.08.2025;poniedziałek;2025;8;Oświęcim;1;"Tomek K. (12:00-21:00)";9,00;nie;;0;0,00;;0;0,00;0;;;;12;16;2025-08-25T18:45:39.203Z
26.08.2025;wtorek;2025;8;Osiek;1;"Tomek K. (14:00-20:30)";6,50;nie;;0;0,00;;0;0,00;0;;;;16;39;2025-08-26T18:15:42.676Z
26.08.2025;wtorek;2025;8;Oświęcim;1;"Sebastian M. (12:00-21:30)";9,50;nie;;0;0,00;;0;0,00;0;;;;15;28;2025-08-26T19:22:15.969Z
27.08.2025;środa;2025;8;Osiek;1;"Radek K. (14:00-21:00)";7,00;nie;;0;0,00;;0;0,00;0;;;;9;39;2025-08-27T18:38:08.213Z
27.08.2025;środa;2025;8;Oświęcim;1;"Tomek K. (12:00-21:30)";9,50;nie;;0;0,00;;0;0,00;0;;;;16;27;2025-08-27T19:05:15.658Z
28.08.2025;czwartek;2025;8;Osiek;1;"Radek K. (14:00-21:00)";7,00;nie;;0;0,00;;0;0,00;0;;;;10;14;2025-08-28T18:24:49.483Z
28.08.2025;czwartek;2025;8;Oświęcim;1;"Tomek K. (12:00-21:30)";9,50;nie;;0;0,00;;0;0,00;0;;;;15;26;2025-08-28T18:55:17.215Z
29.08.2025;piątek;2025;8;Osiek;1;"Sebastian M. (12:00-20:30)";8,50;nie;;0;0,00;;0;0,00;0;;;;17;28;2025-08-29T18:03:36.551Z
29.08.2025;piątek;2025;8;Oświęcim;1;"Kacper J. (12:00-21:30)";9,50;nie;;0;0,00;;0;0,00;0;;;;19;27;2025-08-29T19:17:09.056Z
30.08.2025;sobota;2025;8;Osiek;1;"Radek K. (12:00-21:00)";9,00;nie;;0;0,00;;0;0,00;0;;;;10;13;2025-08-30T18:49:31.966Z
30.08.2025;sobota;2025;8;Oświęcim;1;"Sebastian M. (12:00-21:00)";9,00;nie;;0;0,00;;0;0,00;0;;;;15;22;2025-08-30T18:51:05.345Z
31.08.2025;niedziela;2025;8;Osiek;2;"Radek K. (12:00-20:30) | Sebastian M. (12:00-20:30)";17,00;nie;;0;0,00;;0;0,00;0;;;;18;23;2025-08-31T18:17:04.724Z
31.08.2025;niedziela;2025;8;Oświęcim;1;"Paweł K. (14:00-21:30)";7,50;nie;;0;0,00;;0;0,00;0;;;;13;23;2025-08-31T19:17:10.646Z
01.09.2025;poniedziałek;2025;9;Osiek;1;"Tomek K. (14:00-20:30)";6,50;nie;;0;0,00;;0;0,00;0;;;;11;41;2025-09-01T18:13:05.643Z
01.09.2025;poniedziałek;2025;9;Oświęcim;1;"Sebastian M. (12:00-21:30)";9,50;nie;;0;0,00;;0;0,00;0;;;;16;53;2025-09-01T19:20:24.308Z
02.09.2025;wtorek;2025;9;Osiek;1;"Radek K. (14:00-20:30)";6,50;nie;;0;0,00;;0;0,00;0;;;;8;15;2025-09-02T18:11:55.224Z
02.09.2025;wtorek;2025;9;Oświęcim;1;"Paweł K. (12:00-21:30)";9,50;nie;;0;0,00;;0;0,00;0;;;;9;9;2025-09-02T19:18:54.371Z
03.09.2025;środa;2025;9;Osiek;1;"Radek K. (14:00-20:30)";6,50;nie;;0;0,00;;0;0,00;0;;;;12;35;2025-09-03T18:11:05.235Z
03.09.2025;środa;2025;9;Oświęcim;1;"Tomek K. (12:00-21:30)";9,50;nie;;0;0,00;;0;0,00;0;;;;16;45;2025-09-03T18:48:28.737Z
04.09.2025;czwartek;2025;9;Osiek;1;"Tomek K. (14:00-20:30)";6,50;nie;;0;0,00;;0;0,00;0;;;;12;49;2025-09-04T18:20:48.392Z
04.09.2025;czwartek;2025;9;Oświęcim;1;"Kacper J. (12:00-21:30)";9,50;nie;;0;0,00;;0;0,00;0;;;;14;62;2025-09-04T19:19:20.273Z
05.09.2025;piątek;2025;9;Osiek;1;"Paweł K. (14:00-21:00)";7,00;nie;;0;0,00;;0;0,00;0;;;;9;13;2025-09-05T18:46:31.431Z
05.09.2025;piątek;2025;9;Oświęcim;1;"Sebastian M. (12:00-22:00)";10,00;nie;;0;0,00;;0;0,00;0;;;;16;35;2025-09-05T19:36:33.158Z
06.09.2025;sobota;2025;9;Osiek;2;"Sebastian M. (12:00-21:30) | Kacper J. (12:00-21:30)";19,00;nie;;0;0,00;;0;0,00;0;;;;18;28;2025-09-06T19:11:05.993Z
06.09.2025;sobota;2025;9;Oświęcim;2;"Tomek K. (12:00-21:30) | Natalia D. (14:00-21:30)";17,00;nie;;0;0,00;;0;0,00;0;;;;21;41;2025-09-06T18:56:47.384Z
07.09.2025;niedziela;2025;9;Osiek;2;"Sebastian M. (12:00-21:00) | Tomek K. (12:00-21:00)";18,00;nie;;0;0,00;;0;0,00;0;;;;14;31;2025-09-07T18:28:08.785Z
07.09.2025;niedziela;2025;9;Oświęcim;2;"Paweł K. (14:00-21:30) | Natalia D. (14:00-21:30)";15,00;nie;;0;0,00;;0;0,00;0;;;;10;29;2025-09-07T19:22:19.503Z
09.09.2025;wtorek;2025;9;Osiek;1;"Tomek K. (14:00-20:30)";6,50;nie;;0;0,00;;0;0,00;0;;;;17;37;2025-09-09T18:20:18.369Z
09.09.2025;wtorek;2025;9;Oświęcim;1;"Sebastian M. (12:00-21:30)";9,50;nie;;0;0,00;;0;0,00;0;;;;18;38;2025-09-09T19:13:41.494Z
10.09.2025;środa;2025;9;Oświęcim;1;"Paweł K. (12:00-21:30)";9,50;nie;;0;0,00;;0;0,00;0;;;;13;31;2025-09-10T19:12:30.864Z
11.09.2025;czwartek;2025;9;Osiek;1;"Sebastian M. (14:00-20:30)";6,50;nie;;0;0,00;;0;0,00;0;;;;14;16;2025-09-11T18:17:59.238Z
11.09.2025;czwartek;2025;9;Oświęcim;1;"Paweł K. (12:00-20:30)";8,50;nie;;0;0,00;;0;0,00;0;;;;9;14;2025-09-11T18:26:15.089Z
12.09.2025;piątek;2025;9;Osiek;1;"Tomek K. (14:00-21:00)";7,00;nie;;0;0,00;;0;0,00;0;;;;15;27;2025-09-12T18:37:07.561Z
12.09.2025;piątek;2025;9;Oświęcim;2;"Sebastian M. (12:00-21:30) | Natalia D. (16:00-21:30)";15,00;nie;;0;0,00;;0;0,00;0;;;;16;50;2025-09-12T19:06:14.857Z
13.09.2025;sobota;2025;9;Osiek;1;"Tomek K. (12:00-21:00)";9,00;nie;;0;0,00;;0;0,00;0;;;;18;26;2025-09-13T18:47:28.490Z
13.09.2025;sobota;2025;9;Oświęcim;2;"Sebastian M. (12:00-21:30) | Natalia D. (14:00-21:30)";17,00;nie;;0;0,00;;0;0,00;0;;;;13;28;2025-09-13T19:09:17.339Z
14.09.2025;niedziela;2025;9;Osiek;1;"Radek K. (12:00-20:00)";8,00;nie;;0;0,00;;0;0,00;0;;;;19;25;2025-09-14T17:38:23.288Z
14.09.2025;niedziela;2025;9;Oświęcim;2;"Sebastian M. (14:00-21:30) | Natalia D. (14:00-21:30)";15,00;nie;;0;0,00;;0;0,00;0;;;;17;41;2025-09-14T19:07:15.330Z
15.09.2025;poniedziałek;2025;9;Osiek;1;"Tomek K. (14:00-20:30)";6,50;nie;;0;0,00;;0;0,00;0;;;;12;41;2025-09-15T17:55:57.997Z
15.09.2025;poniedziałek;2025;9;Oświęcim;1;"Sebastian M. (12:00-21:30)";9,50;nie;;0;0,00;;0;0,00;0;;;;12;38;2025-09-15T19:08:43.096Z
16.09.2025;wtorek;2025;9;Osiek;1;"Radek K. (14:00-20:30)";6,50;nie;;0;0,00;;0;0,00;0;;;;15;27;2025-09-16T18:01:18.039Z
16.09.2025;wtorek;2025;9;Oświęcim;1;"Paweł K. (12:00-21:00)";9,00;nie;;0;0,00;;0;0,00;0;;;;14;18;2025-09-16T19:01:14.373Z
17.09.2025;środa;2025;9;Osiek;1;"Radek K. (14:00-19:30)";5,50;nie;;0;0,00;;0;0,00;0;;;;15;15;2025-09-17T17:29:03.017Z
17.09.2025;środa;2025;9;Oświęcim;2;"Paweł K. (12:00-16:30) | Sebastian M. (16:00-21:30)";10,00;nie;;0;0,00;;0;0,00;0;;;;19;121;2025-09-17T18:58:35.289Z
18.09.2025;czwartek;2025;9;Oświęcim;1;"Sebastian M. (12:00-21:30)";9,50;nie;;0;0,00;;0;0,00;0;;;;16;30;2025-09-18T19:06:31.664Z
19.09.2025;piątek;2025;9;Osiek;1;"Radek K. (14:00-21:00)";7,00;nie;;0;0,00;;0;0,00;0;;;;11;44;2025-09-19T18:29:52.223Z
19.09.2025;piątek;2025;9;Oświęcim;1;"Sebastian M. (12:00-21:30)";9,50;nie;;0;0,00;;0;0,00;0;;;;17;26;2025-09-19T19:19:51.479Z
20.09.2025;sobota;2025;9;Osiek;2;"Radek K. (12:00-21:00) | Sebastian M. (14:00-21:00)";16,00;nie;;0;0,00;;0;0,00;0;;;;26;33;2025-09-20T18:45:11.557Z
20.09.2025;sobota;2025;9;Oświęcim;2;"Paweł K. (12:00-21:00) | Natalia D. (14:00-21:00)";16,00;nie;;0;0,00;;0;0,00;0;;;;10;21;2025-09-20T18:37:05.820Z
21.09.2025;niedziela;2025;9;Osiek;2;"Radek K. (12:00-20:30) | Sebastian M. (14:00-20:30)";15,00;nie;;0;0,00;;0;0,00;0;;;;21;29;2025-09-21T18:12:06.737Z
21.09.2025;niedziela;2025;9;Oświęcim;1;"Natalia D. (14:00-21:00)";7,00;nie;;0;0,00;;0;0,00;0;;;;10;14;2025-09-21T19:13:55.399Z
22.09.2025;poniedziałek;2025;9;Oświęcim;1;"Kacper J. (12:00-21:30)";9,50;nie;;0;0,00;;0;0,00;0;;;;16;23;2025-09-22T19:11:14.632Z
23.09.2025;wtorek;2025;9;Oświęcim;1;"Kacper J. (12:00-21:30)";9,50;nie;;0;0,00;;0;0,00;0;;;;17;36;2025-09-23T19:31:30.255Z
25.09.2025;czwartek;2025;9;Oświęcim;1;"Paweł K. (12:00-21:00)";9,00;nie;;0;0,00;;0;0,00;0;;;;13;14;2025-09-25T19:03:51.342Z
26.09.2025;piątek;2025;9;Osiek;1;"Tomek K. (14:00-21:00)";7,00;nie;;0;0,00;;0;0,00;0;;;;26;43;2025-09-26T18:47:13.970Z
26.09.2025;piątek;2025;9;Oświęcim;1;"Sebastian M. (12:00-21:30)";9,50;nie;;0;0,00;;0;0,00;0;;;;18;42;2025-09-26T19:22:34.019Z
27.09.2025;sobota;2025;9;Osiek;2;"Tomek K. (12:00-21:30) | Natalia D. (14:00-21:30)";17,00;nie;;0;0,00;;0;0,00;0;;;;17;49;2025-09-27T18:56:25.712Z
27.09.2025;sobota;2025;9;Oświęcim;2;"Sebastian M. (12:00-21:30) | Kacper J. (14:00-21:30)";17,00;nie;;0;0,00;;0;0,00;0;;;;16;34;2025-09-27T19:18:39.239Z
28.09.2025;niedziela;2025;9;Osiek;2;"Sebastian M. (12:00-21:30) | Kacper J. (12:00-21:30)";19,00;nie;;0;0,00;;0;0,00;0;;;;17;23;2025-09-28T19:11:59.502Z
28.09.2025;niedziela;2025;9;Oświęcim;2;"Paweł K. (14:00-21:00) | Natalia D. (14:00-21:00)";14,00;nie;;0;0,00;;0;0,00;0;;;;13;41;2025-09-28T18:59:12.990Z
29.09.2025;poniedziałek;2025;9;Oświęcim;1;"Tomek K. (12:00-21:30)";9,50;nie;;0;0,00;;0;0,00;0;;;;12;52;2025-09-29T19:02:39.614Z
30.09.2025;wtorek;2025;9;Oświęcim;1;"Tomek K. (12:00-21:30)";9,50;nie;;0;0,00;;0;0,00;0;;;;15;27;2025-09-30T18:54:41.130Z
01.10.2025;środa;2025;10;Osiek;1;"Radek K. (12:00-21:30)";9,50;nie;;0;0,00;;0;0,00;0;;;;11;38;2025-10-01T19:13:21.557Z
01.10.2025;środa;2025;10;Oświęcim;1;"Radek K. (12:00-21:30)";9,50;nie;;0;0,00;;0;0,00;0;;;;11;38;2025-10-01T19:13:23.070Z
02.10.2025;czwartek;2025;10;Oświęcim;1;"Radek K. (12:00-21:30)";9,50;nie;;0;0,00;;0;0,00;0;;;;18;27;2025-10-02T19:13:24.009Z
03.10.2025;piątek;2025;10;Osiek;1;"Tomek K. (14:00-21:00)";7,00;nie;;0;0,00;;0;0,00;0;;;;15;25;2025-10-03T18:22:00.434Z
03.10.2025;piątek;2025;10;Oświęcim;1;"Sebastian M. (12:00-21:30)";9,50;nie;;0;0,00;;0;0,00;0;;;;22;35;2025-10-03T19:09:43.881Z
04.10.2025;sobota;2025;10;Osiek;2;"Radek K. (14:00-21:00) | Sebastian M. (14:00-21:00)";14,00;nie;;0;0,00;;0;0,00;0;;;;18;46;2025-10-04T18:48:47.665Z
04.10.2025;sobota;2025;10;Oświęcim;2;"Paweł K. (12:00-21:00) | Natalia D. (14:00-21:00)";16,00;nie;;0;0,00;;0;0,00;0;;;;8;22;2025-10-04T19:07:27.838Z
05.10.2025;niedziela;2025;10;Osiek;2;"Tomek K. (12:00-21:00) | Natalia D. (14:00-21:00)";16,00;nie;;0;0,00;;0;0,00;0;;;;19;44;2025-10-05T18:19:28.693Z
05.10.2025;niedziela;2025;10;Oświęcim;2;"Sebastian M. (14:00-22:00) | Kacper J. (14:00-22:00)";16,00;nie;;0;0,00;;0;0,00;0;;;;26;36;2025-10-05T19:19:55.152Z
06.10.2025;poniedziałek;2025;10;Osiek;1;"Paweł K. (12:00-20:00)";8,00;nie;;0;0,00;;0;0,00;0;;;;1;1;2025-10-06T11:44:11.600Z
06.10.2025;poniedziałek;2025;10;Oświęcim;1;"Radek K. (12:00-21:00)";9,00;nie;;0;0,00;;0;0,00;0;;;;11;12;2025-10-06T18:53:17.159Z
07.10.2025;wtorek;2025;10;Oświęcim;1;"Tomek K. (12:00-21:30)";9,50;nie;;0;0,00;;0;0,00;0;;;;17;39;2025-10-07T19:00:54.942Z
08.10.2025;środa;2025;10;Oświęcim;2;"Radek K. (12:00-17:30) | Kacper J. (17:30-21:30)";9,50;nie;;0;0,00;;0;0,00;0;;;;17;53;2025-10-08T19:10:44.379Z
09.10.2025;czwartek;2025;10;Oświęcim;1;"Tomek K. (12:30-21:30)";9,00;nie;;0;0,00;;0;0,00;0;;;;16;26;2025-10-09T18:52:08.948Z
10.10.2025;piątek;2025;10;Osiek;1;"Radek K. (14:00-21:00)";7,00;nie;;0;0,00;;0;0,00;0;;;;16;27;2025-10-10T18:30:13.591Z
10.10.2025;piątek;2025;10;Oświęcim;1;"Sebastian M. (12:00-21:30)";9,50;nie;;0;0,00;;0;0,00;0;;;;22;34;2025-10-10T19:08:57.656Z
11.10.2025;sobota;2025;10;Osiek;2;"Radek K. (12:00-20:30) | Tomek K. (14:00-20:30)";15,00;nie;;0;0,00;;0;0,00;0;;;;18;33;2025-10-11T18:13:00.794Z
11.10.2025;sobota;2025;10;Oświęcim;2;"Sebastian M. (12:00-21:30) | Kacper J. (14:00-21:30)";17,00;nie;;0;0,00;;0;0,00;0;;;;14;35;2025-10-11T19:23:33.864Z
12.10.2025;niedziela;2025;10;Oświęcim;2;"Sebastian M. (14:00-21:30) | Kacper J. (14:00-21:30)";15,00;nie;;0;0,00;;0;0,00;0;;;;29;54;2025-10-12T18:40:08.839Z
13.10.2025;poniedziałek;2025;10;Oświęcim;1;"Radek K. (12:00-21:30)";9,50;nie;;0;0,00;;0;0,00;0;;;;17;53;2025-10-13T19:02:06.693Z
14.10.2025;wtorek;2025;10;Oświęcim;1;"Sebastian M. (12:00-21:30)";9,50;nie;;0;0,00;;0;0,00;0;;;;18;31;2025-10-14T19:02:12.698Z
15.10.2025;środa;2025;10;Osiek;2;"Sebastian M. (15:00-21:00) | Kacper J. (15:00-21:00)";12,00;nie;;0;0,00;;0;0,00;0;;;;16;21;2025-10-15T19:05:43.544Z
15.10.2025;środa;2025;10;Oświęcim;1;"Radek K. (14:00-21:30)";7,50;nie;;0;0,00;;0;0,00;0;;;;8;43;2025-10-15T19:04:01.124Z
16.10.2025;czwartek;2025;10;Osiek;1;"Radek K. (12:00-21:30)";9,50;nie;;0;0,00;;0;0,00;0;;;;14;29;2025-10-16T19:02:39.693Z
16.10.2025;czwartek;2025;10;Oświęcim;1;"Sebastian M. (12:00-21:30)";9,50;nie;;0;0,00;;0;0,00;0;;;;11;23;2025-10-16T19:06:18.414Z
17.10.2025;piątek;2025;10;Oświęcim;1;"Tomek K. (12:00-21:30)";9,50;nie;;0;0,00;;0;0,00;0;;;;15;40;2025-10-17T18:50:57.375Z
17.10.2025;piątek;2025;10;Wilamowice;0;"";0,00;nie;;0;0,00;;0;0,00;0;;;;12;22;2025-10-17T19:47:17.601Z
18.10.2025;sobota;2025;10;Oświęcim;2;"Sebastian M. (12:00-21:30) | Kacper J. (14:00-21:30)";17,00;nie;;0;0,00;;0;0,00;0;;;;18;30;2025-10-18T20:01:59.302Z
18.10.2025;sobota;2025;10;Wilamowice;2;"Radek K. (12:00-21:30) | Tomek K. (12:00-21:30)";19,00;nie;;0;0,00;;0;0,00;0;;;;18;44;2025-10-18T18:48:39.843Z
19.10.2025;niedziela;2025;10;Oświęcim;2;"Radek K. (14:00-21:00) | Tomek K. (14:00-21:00)";14,00;nie;;0;0,00;;0;0,00;0;;;;12;33;2025-10-19T18:39:41.755Z
19.10.2025;niedziela;2025;10;Wilamowice;2;"Sebastian M. (14:00-21:30) | Kacper J. (14:00-21:30)";15,00;nie;;0;0,00;;0;0,00;0;;;;22;39;2025-10-19T19:06:01.069Z
20.10.2025;poniedziałek;2025;10;Oświęcim;1;"Tomek K. (12:00-20:30)";8,50;nie;;0;0,00;;0;0,00;0;;;;4;37;2025-10-20T18:01:55.666Z
20.10.2025;poniedziałek;2025;10;Wilamowice;1;"Radek K. (12:00-21:30)";9,50;nie;;0;0,00;;0;0,00;0;;;;7;46;2025-10-20T19:09:57.542Z
21.10.2025;wtorek;2025;10;Oświęcim;1;"Radek K. (12:00-21:00)";9,00;nie;;0;0,00;;0;0,00;0;;;;9;27;2025-10-21T18:47:50.189Z
21.10.2025;wtorek;2025;10;Wilamowice;1;"Sebastian M. (12:00-21:30)";9,50;nie;;0;0,00;;0;0,00;0;;;;14;18;2025-10-21T19:09:06.513Z
22.10.2025;środa;2025;10;Oświęcim;1;"Kacper J. (12:00-21:30)";9,50;nie;;0;0,00;;0;0,00;0;;;;17;41;2025-10-22T19:01:05.133Z
22.10.2025;środa;2025;10;Wilamowice;1;"Tomek K. (12:00-21:30)";9,50;nie;;0;0,00;;0;0,00;0;;;;14;43;2025-10-22T19:01:56.675Z
23.10.2025;czwartek;2025;10;Oświęcim;1;"Sebastian M. (12:00-21:30)";9,50;nie;;0;0,00;;0;0,00;0;;;;14;20;2025-10-23T19:09:09.370Z
23.10.2025;czwartek;2025;10;Wilamowice;1;"Radek K. (12:00-21:30)";9,50;nie;;0;0,00;;0;0,00;0;;;;13;44;2025-10-23T18:47:32.751Z
24.10.2025;piątek;2025;10;Oświęcim;1;"Tomek K. (12:00-21:30)";9,50;nie;;0;0,00;;0;0,00;0;;;;15;34;2025-10-24T18:53:40.276Z
24.10.2025;piątek;2025;10;Wilamowice;2;"Sebastian M. (12:00-21:30) | Kacper J. (12:00-21:30)";19,00;nie;;0;0,00;;0;0,00;0;;;;14;50;2025-10-24T19:05:13.954Z
25.10.2025;sobota;2025;10;Oświęcim;2;"Sebastian M. (12:00-21:00) | Natalia D. (14:00-21:00)";16,00;nie;;0;0,00;;0;0,00;0;;;;14;36;2025-10-25T18:37:12.125Z
25.10.2025;sobota;2025;10;Wilamowice;2;"Radek K. (12:00-21:30) | Tomek K. (12:00-21:30)";19,00;nie;;0;0,00;;0;0,00;0;;;;18;37;2025-10-25T19:02:08.981Z
26.10.2025;niedziela;2025;10;Oświęcim;2;"Paweł K. (14:00-21:00) | Natalia D. (14:00-21:00)";14,00;nie;;0;0,00;;0;0,00;0;;;;13;21;2025-10-26T20:04:05.337Z
26.10.2025;niedziela;2025;10;Wilamowice;2;"Sebastian M. (14:30-21:30) | Kacper J. (14:30-21:30)";14,00;nie;;0;0,00;;0;0,00;0;;;;13;45;2025-10-26T20:20:47.459Z
27.10.2025;poniedziałek;2025;10;Wilamowice;1;"Radek K. (12:00-21:30)";9,50;nie;;0;0,00;;0;0,00;0;;;;11;51;2025-10-27T20:04:08.022Z
28.10.2025;wtorek;2025;10;Oświęcim;1;"Radek K. (12:00-20:30)";8,50;nie;;0;0,00;;0;0,00;0;;;;10;42;2025-10-28T19:00:59.807Z
28.10.2025;wtorek;2025;10;Wilamowice;1;"Tomek K. (12:00-21:30)";9,50;nie;;0;0,00;;0;0,00;0;;;;10;32;2025-10-28T19:56:20.198Z
29.10.2025;środa;2025;10;Oświęcim;1;"Radek K. (12:00-21:00)";9,00;nie;;0;0,00;;0;0,00;0;;;;17;26;2025-10-29T19:37:34.792Z
29.10.2025;środa;2025;10;Wilamowice;1;"Tomek K. (12:00-21:00)";9,00;nie;;0;0,00;;0;0,00;0;;;;10;22;2025-10-29T19:52:20.357Z
30.10.2025;czwartek;2025;10;Oświęcim;1;"Tomek K. (12:00-21:00)";9,00;nie;;0;0,00;;0;0,00;0;;;;9;34;2025-10-30T19:24:13.637Z
30.10.2025;czwartek;2025;10;Wilamowice;1;"Radek K. (12:00-21:00)";9,00;nie;;0;0,00;;0;0,00;0;;;;10;26;2025-10-30T19:42:43.192Z
31.10.2025;piątek;2025;10;Oświęcim;1;"Sebastian M. (12:00-22:00)";10,00;nie;;0;0,00;;0;0,00;0;;;;13;21;2025-10-31T21:19:06.230Z
02.11.2025;niedziela;2025;11;Oświęcim;2;"Paweł K. (14:00-21:00) | Natalia D. (14:00-21:00)";14,00;nie;;0;0,00;;0;0,00;0;;;;16;22;2025-11-02T19:38:16.554Z
02.11.2025;niedziela;2025;11;Wilamowice;2;"Sebastian M. (14:00-21:30) | Kacper J. (14:00-21:30)";15,00;nie;;0;0,00;;0;0,00;0;;;;18;29;2025-11-02T20:13:40.157Z
03.11.2025;poniedziałek;2025;11;Oświęcim;1;"Sebastian M. (12:00-21:30)";9,50;nie;;0;0,00;;0;0,00;0;;;;11;28;2025-11-03T20:06:26.197Z
03.11.2025;poniedziałek;2025;11;Wilamowice;1;"Radek K. (12:00-21:30)";9,50;nie;;0;0,00;;0;0,00;0;;;;12;52;2025-11-03T20:02:15.583Z
04.11.2025;wtorek;2025;11;Oświęcim;1;"Kacper J. (12:00-21:00)";9,00;nie;;0;0,00;;0;0,00;0;;;;15;39;2025-11-04T19:47:56.783Z
04.11.2025;wtorek;2025;11;Wilamowice;1;"Sebastian M. (12:00-21:30)";9,50;nie;;0;0,00;;0;0,00;0;;;;7;29;2025-11-04T19:53:42.938Z
05.11.2025;środa;2025;11;Oświęcim;1;"Radek K. (12:00-21:00)";9,00;nie;;0;0,00;;0;0,00;0;;;;10;25;2025-11-05T19:45:03.901Z
06.11.2025;czwartek;2025;11;Oświęcim;1;"Tomek K. (12:00-21:30)";9,50;nie;;0;0,00;;0;0,00;0;;;;9;29;2025-11-06T19:54:47.164Z
06.11.2025;czwartek;2025;11;Wilamowice;1;"Radek K. (12:00-21:30)";9,50;nie;;0;0,00;;0;0,00;0;;;;10;35;2025-11-06T20:00:00.961Z
07.11.2025;piątek;2025;11;Oświęcim;1;"Sebastian M. (12:00-21:30)";9,50;nie;;0;0,00;;0;0,00;0;;;;15;35;2025-11-07T19:57:53.986Z
07.11.2025;piątek;2025;11;Wilamowice;1;"Tomek K. (12:00-21:30)";9,50;nie;;0;0,00;;0;0,00;0;;;;15;33;2025-11-07T20:02:37.632Z
08.11.2025;sobota;2025;11;Oświęcim;2;"Sebastian M. (12:00-21:30) | Kacper J. (14:00-21:30)";17,00;nie;;0;0,00;;0;0,00;0;;;;14;19;2025-11-08T20:04:51.282Z
08.11.2025;sobota;2025;11;Wilamowice;2;"Radek K. (12:00-21:00) | Tomek K. (12:00-21:00)";18,00;nie;;0;0,00;;0;0,00;0;;;;8;28;2025-11-08T19:46:31.451Z
09.11.2025;niedziela;2025;11;Oświęcim;2;"Sebastian M. (14:00-21:30) | Kacper J. (14:00-21:30)";15,00;nie;;0;0,00;;0;0,00;0;;;;15;37;2025-11-09T19:54:24.936Z
09.11.2025;niedziela;2025;11;Wilamowice;2;"Radek K. (14:00-21:00) | Tomek K. (14:00-21:00)";14,00;nie;;0;0,00;;0;0,00;0;;;;10;31;2025-11-09T19:47:41.904Z
10.11.2025;poniedziałek;2025;11;Oświęcim;1;"Tomek K. (12:00-21:30)";9,50;nie;;0;0,00;;0;0,00;0;;;;9;43;2025-11-10T19:59:25.374Z
10.11.2025;poniedziałek;2025;11;Wilamowice;1;"Radek K. (12:00-21:30)";9,50;nie;;0;0,00;;0;0,00;0;;;;10;44;2025-11-10T19:57:15.904Z
11.11.2025;wtorek;2025;11;Oświęcim;2;"Sebastian M. (14:00-20:30) | Natalia D. (16:00-20:30)";11,00;nie;;0;0,00;;0;0,00;0;;;;11;16;2025-11-11T19:08:15.426Z
11.11.2025;wtorek;2025;11;Wilamowice;1;"Radek K. (14:00-21:30)";7,50;nie;;0;0,00;;0;0,00;0;;;;16;31;2025-11-11T19:52:57.302Z
12.11.2025;środa;2025;11;Wilamowice;1;"Tomek K. (12:00-21:00)";9,00;nie;;0;0,00;;0;0,00;0;;;;8;42;2025-11-12T19:41:41.974Z
13.11.2025;czwartek;2025;11;Oświęcim;1;"Tomek K. (12:00-20:30)";8,50;nie;;0;0,00;;0;0,00;0;;;;3;34;2025-11-13T19:31:53.441Z
13.11.2025;czwartek;2025;11;Wilamowice;1;"Radek K. (12:00-21:30)";9,50;nie;;0;0,00;;0;0,00;0;;;;10;34;2025-11-13T19:29:53.051Z
14.11.2025;piątek;2025;11;Oświęcim;1;"Sebastian M. (12:00-21:30)";9,50;tak;1431;1431;0,00;;0;0,00;1431;0,0;0,0;150,63;20;28;2025-11-14T19:59:15.806Z
14.11.2025;piątek;2025;11;Wilamowice;1;"Tomek K. (12:00-21:30)";9,50;tak;0;0;0,00;;0;0,00;0;;;0,00;11;20;2025-11-14T20:06:26.261Z
15.11.2025;sobota;2025;11;Oświęcim;2;"Tomek K. (12:00-20:30) | Natalia D. (14:00-20:30)";15,00;tak;1660;1660;0,00;;0;0,00;1660;0,0;0,0;110,67;13;15;2025-11-15T19:20:53.240Z
15.11.2025;sobota;2025;11;Wilamowice;2;"Sebastian M. (12:00-21:30) | Kacper J. (12:00-21:30)";19,00;tak;865;865;0,00;;0;0,00;865;0,0;0,0;45,53;7;26;2025-11-15T20:22:08.423Z
16.11.2025;niedziela;2025;11;Oświęcim;2;"Natalia D. (14:00-21:30) | Dominik Ż. (14:00-21:30)";15,00;tak;0;0;0,00;;0;0,00;0;;;0,00;9;20;2025-11-16T20:02:15.618Z
16.11.2025;niedziela;2025;11;Wilamowice;2;"Sebastian M. (14:00-21:30) | Kacper J. (14:00-21:30)";15,00;tak;2078;2078;0,00;;0;0,00;2078;0,0;0,0;138,53;17;28;2025-11-16T19:57:12.785Z
17.11.2025;poniedziałek;2025;11;Oświęcim;1;"Sebastian M. (12:00-21:30)";9,50;tak;920;920;0,00;;0;0,00;920;0,0;0,0;96,84;11;30;2025-11-17T19:48:17.928Z
17.11.2025;poniedziałek;2025;11;Wilamowice;1;"Radek K. (12:00-20:30)";8,50;tak;164;164;0,00;;0;0,00;164;0,0;0,0;19,29;3;4;2025-11-17T18:51:03.356Z
18.11.2025;wtorek;2025;11;Oświęcim;1;"Kacper J. (14:00-21:00)";7,00;tak;561;561;0,00;;0;0,00;561;0,0;0,0;80,14;6;21;2025-11-18T19:48:48.364Z
18.11.2025;wtorek;2025;11;Wilamowice;1;"Radek K. (12:00-20:00)";8,00;tak;236;236;0,00;;0;0,00;236;0,0;0,0;29,50;3;25;2025-11-18T18:26:32.206Z
19.11.2025;środa;2025;11;Oświęcim;1;"Sebastian M. (12:00-21:30)";9,50;tak;843;843;0,00;;0;0,00;843;0,0;0,0;88,74;9;12;2025-11-19T19:33:48.996Z
19.11.2025;środa;2025;11;Wilamowice;1;"Radek K. (12:00-21:30)";9,50;tak;1265;1265;0,00;;0;0,00;1265;0,0;0,0;133,16;12;20;2025-11-19T20:07:04.063Z
20.11.2025;czwartek;2025;11;Oświęcim;1;"Radek K. (12:00-21:00)";9,00;tak;710;710;0,00;;0;0,00;710;0,0;0,0;78,89;10;31;2025-11-20T19:33:53.389Z
20.11.2025;czwartek;2025;11;Wilamowice;1;"Tomek K. (12:00-21:30)";9,50;tak;1177;1177;0,00;;0;0,00;1177;0,0;0,0;123,89;13;20;2025-11-20T19:59:49.354Z
21.11.2025;piątek;2025;11;Oświęcim;1;"Paweł K. (12:00-21:30)";9,50;tak;1168;1168;0,00;;0;0,00;1168;0,0;0,0;122,95;9;23;2025-11-21T20:35:42.463Z
21.11.2025;piątek;2025;11;Wilamowice;1;"Tomek K. (12:00-21:30)";9,50;tak;0;0;0,00;;0;0,00;0;;;0,00;17;30;2025-11-21T20:07:27.206Z
22.11.2025;sobota;2025;11;Oświęcim;2;"Sebastian M. (12:00-21:30) | Natalia D. (14:00-21:30)";17,00;tak;1370;1370;0,00;;0;0,00;1370;0,0;0,0;80,59;14;29;2025-11-22T20:07:23.067Z
22.11.2025;sobota;2025;11;Wilamowice;2;"Radek K. (12:00-21:30) | Tomek K. (12:00-21:30)";19,00;tak;1025;1025;0,00;;0;0,00;1025;0,0;0,0;53,95;11;32;2025-11-22T19:38:23.759Z
23.11.2025;niedziela;2025;11;Oświęcim;0;"";0,00;tak;1400;1400;0,00;;0;0,00;1400;0,0;0,0;;10;23;2025-11-23T20:13:34.885Z
23.11.2025;niedziela;2025;11;Wilamowice;2;"Sebastian M. (14:00-19:30) | Kacper J. (14:00-19:30)";11,00;tak;444;444;0,00;;0;0,00;444;0,0;0,0;40,36;8;30;2025-11-23T18:18:09.905Z
24.11.2025;poniedziałek;2025;11;Oświęcim;1;"Tomek K. (12:00-21:30)";9,50;tak;784;784;0,00;;0;0,00;784;0,0;0,0;82,53;7;25;2025-11-24T19:53:57.972Z
24.11.2025;poniedziałek;2025;11;Wilamowice;1;"Radek K. (12:00-21:30)";9,50;tak;587;587;0,00;;0;0,00;587;0,0;0,0;61,79;8;24;2025-11-24T19:54:04.364Z
25.11.2025;wtorek;2025;11;Oświęcim;1;"Sebastian M. (12:00-21:30)";9,50;tak;1081;1081;0,00;;0;0,00;1081;0,0;0,0;113,79;11;17;2025-11-25T20:03:35.941Z
25.11.2025;wtorek;2025;11;Wilamowice;1;"Paweł K. (12:00-20:30)";8,50;tak;1126;1126;0,00;;0;0,00;1126;0,0;0,0;132,47;5;6;2025-11-25T19:25:18.867Z
26.11.2025;środa;2025;11;Oświęcim;1;"Radek K. (12:00-21:30)";9,50;tak;1135;1135;0,00;;0;0,00;1135;0,0;0,0;119,47;9;22;2025-11-26T20:04:21.424Z
26.11.2025;środa;2025;11;Wilamowice;1;"Tomek K. (12:00-20:00)";8,00;tak;505;505;0,00;;0;0,00;505;0,0;0,0;63,13;6;38;2025-11-26T18:27:26.299Z
27.11.2025;czwartek;2025;11;Oświęcim;1;"Tomek K. (12:00-21:30)";9,50;tak;1499;1499;0,00;;0;0,00;1499;0,0;0,0;157,79;14;28;2025-11-27T19:50:24.174Z
27.11.2025;czwartek;2025;11;Wilamowice;1;"Radek K. (12:00-20:30)";8,50;tak;393;393;0,00;;0;0,00;393;0,0;0,0;46,24;5;40;2025-11-27T18:59:50.722Z
28.11.2025;piątek;2025;11;Oświęcim;1;"Kacper J. (12:00-20:00)";8,00;tak;1775;1775;0,00;;0;0,00;1775;0,0;0,0;221,88;14;17;2025-11-28T18:34:10.929Z
28.11.2025;piątek;2025;11;Wilamowice;1;"Tomek K. (12:00-21:30)";9,50;tak;955;955;0,00;;0;0,00;955;0,0;0,0;100,53;13;40;2025-11-28T20:05:04.966Z
29.11.2025;sobota;2025;11;Oświęcim;2;"Kacper J. (12:00-21:00) | Natalia D. (14:00-21:00)";16,00;tak;1735;1735;0,00;;0;0,00;1735;0,0;0,0;108,44;15;16;2025-11-29T19:40:03.230Z
29.11.2025;sobota;2025;11;Wilamowice;2;"Radek K. (12:00-20:30) | Tomek K. (14:00-20:30)";15,00;tak;0;0;0,00;;0;0,00;0;;;0,00;15;19;2025-11-29T18:56:04.575Z
30.11.2025;niedziela;2025;11;Oświęcim;2;"Paweł K. (14:00-21:00) | Radek K. (14:00-21:00)";14,00;tak;1887;1887;0,00;;0;0,00;1887;0,0;0,0;134,79;11;24;2025-11-30T20:00:26.225Z
30.11.2025;niedziela;2025;11;Wilamowice;2;"Sebastian M. (14:00-21:30) | Kacper J. (14:00-21:30)";15,00;tak;1144;1144;0,00;;0;0,00;1144;0,0;0,0;76,27;11;28;2025-11-30T20:03:16.006Z
01.12.2025;poniedziałek;2025;12;Oświęcim;1;"Radek K. (14:00-21:30)";7,50;tak;1201;1201;0,00;;0;0,00;1201;0,0;0,0;160,13;8;30;2025-12-01T19:58:19.929Z
01.12.2025;poniedziałek;2025;12;Wilamowice;1;"Sebastian M. (14:00-21:30)";7,50;tak;802;802;0,00;;0;0,00;802;0,0;0,0;106,93;6;19;2025-12-01T20:07:51.415Z
02.12.2025;wtorek;2025;12;Oświęcim;1;"Tomek K. (12:00-21:00)";9,00;tak;1021;1021;0,00;;0;0,00;1021;0,0;0,0;113,44;14;24;2025-12-02T19:35:09.418Z
02.12.2025;wtorek;2025;12;Wilamowice;1;"Tomek K. (12:00-21:00)";9,00;tak;1021;1021;0,00;;0;0,00;1021;0,0;0,0;113,44;14;24;2025-12-02T19:35:07.889Z
03.12.2025;środa;2025;12;Oświęcim;1;"Radek K. (12:00-21:30)";9,50;tak;1222;1222;0,00;;0;0,00;1222;0,0;0,0;128,63;7;28;2025-12-03T19:59:16.716Z
03.12.2025;środa;2025;12;Wilamowice;1;"Tomek K. (12:00-21:30)";9,50;tak;546;546;0,00;;0;0,00;546;0,0;0,0;57,47;7;24;2025-12-03T19:52:00.220Z
04.12.2025;czwartek;2025;12;Wilamowice;1;"Radek K. (12:00-21:00)";9,00;tak;1050;1050;0,00;;0;0,00;1050;0,0;0,0;116,67;9;22;2025-12-04T19:52:30.749Z
05.12.2025;piątek;2025;12;Oświęcim;1;"Sebastian M. (12:00-21:30)";9,50;tak;1373;1373;0,00;;0;0,00;1373;0,0;0,0;144,53;19;38;2025-12-05T20:03:14.409Z
05.12.2025;piątek;2025;12;Wilamowice;1;"Tomek K. (12:00-21:30)";9,50;tak;879;879;0,00;;0;0,00;879;0,0;0,0;92,53;8;23;2025-12-05T20:06:11.880Z
06.12.2025;sobota;2025;12;Oświęcim;2;"Sebastian M. (12:00-21:30) | Kacper J. (14:00-21:30)";17,00;tak;1373;1373;0,00;;0;0,00;1373;0,0;0,0;80,76;15;31;2025-12-06T20:05:03.049Z
06.12.2025;sobota;2025;12;Wilamowice;1;"Tomek K. (12:00-21:30)";9,50;tak;1290;1290;0,00;;0;0,00;1290;0,0;0,0;135,79;18;41;2025-12-06T19:52:58.887Z
07.12.2025;niedziela;2025;12;Oświęcim;2;"Sebastian M. (14:00-21:30) | Kacper J. (14:00-21:30)";15,00;tak;1234;1234;0,00;;0;0,00;1234;0,0;0,0;82,27;15;43;2025-12-07T20:36:24.797Z
07.12.2025;niedziela;2025;12;Wilamowice;1;"Paweł K. (14:00-19:00)";5,00;tak;338;338;0,00;;0;0,00;338;0,0;0,0;67,60;0;0;2025-12-07T18:14:12.425Z
08.12.2025;poniedziałek;2025;12;Oświęcim;1;"Radek K. (12:00-21:30)";9,50;tak;958;958;0,00;;0;0,00;958;0,0;0,0;100,84;4;31;2025-12-08T20:04:11.545Z
08.12.2025;poniedziałek;2025;12;Wilamowice;1;"Tomek K. (14:00-21:30)";7,50;tak;411;411;0,00;;0;0,00;411;0,0;0,0;54,80;15;59;2025-12-08T19:47:49.671Z
09.12.2025;wtorek;2025;12;Oświęcim;1;"Tomek K. (12:00-21:30)";9,50;tak;1082;1082;0,00;;0;0,00;1082;0,0;0,0;113,89;9;22;2025-12-09T19:56:11.237Z
09.12.2025;wtorek;2025;12;Wilamowice;1;"Radek K. (14:00-21:30)";7,50;tak;810;810;0,00;;0;0,00;810;0,0;0,0;108,00;7;34;2025-12-09T19:48:33.390Z
10.12.2025;środa;2025;12;Oświęcim;1;"Tomek K. (12:00-21:30)";9,50;tak;608;608;0,00;;0;0,00;608;0,0;0,0;64,00;10;35;2025-12-10T19:57:32.191Z
10.12.2025;środa;2025;12;Wilamowice;1;"Radek K. (14:00-21:00)";7,00;tak;1135;1135;0,00;;0;0,00;1135;0,0;0,0;162,14;10;20;2025-12-10T19:32:43.003Z
11.12.2025;czwartek;2025;12;Oświęcim;1;"Kacper J. (12:00-21:30)";9,50;tak;828;828;0,00;;0;0,00;828;0,0;0,0;87,16;11;26;2025-12-11T20:04:36.444Z
11.12.2025;czwartek;2025;12;Wilamowice;1;"Radek K. (14:00-21:00)";7,00;tak;535;535;0,00;;0;0,00;535;0,0;0,0;76,43;7;32;2025-12-11T19:36:10.991Z
12.12.2025;piątek;2025;12;Oświęcim;1;"Kacper J. (12:00-21:00)";9,00;tak;1467;1467;0,00;;0;0,00;1467;0,0;0,0;163,00;12;14;2025-12-12T19:44:04.916Z
13.12.2025;sobota;2025;12;Oświęcim;1;"Sebastian M. (12:00-21:00)";9,00;tak;1707;1707;0,00;;0;0,00;1707;0,0;0,0;189,67;13;27;2025-12-13T19:13:44.085Z
13.12.2025;sobota;2025;12;Wilamowice;1;"Tomek K. (12:00-20:00)";8,00;tak;1542;1542;0,00;;0;0,00;1542;0,0;0,0;192,75;13;16;2025-12-13T18:19:01.651Z
14.12.2025;niedziela;2025;12;Oświęcim;1;"Sebastian M. (14:00-21:00)";7,00;tak;1505;1505;0,00;;0;0,00;1505;0,0;0,0;215,00;14;18;2025-12-14T19:29:48.791Z
14.12.2025;niedziela;2025;12;Wilamowice;1;"Paweł K. (14:00-21:00)";7,00;tak;1270;1270;0,00;;0;0,00;1270;0,0;0,0;181,43;10;15;2025-12-14T19:58:57.106Z
15.12.2025;poniedziałek;2025;12;Oświęcim;1;"Tomek K. (12:00-21:30)";9,50;tak;1134;1134;0,00;;0;0,00;1134;0,0;0,0;119,37;11;17;2025-12-15T20:08:23.985Z
16.12.2025;wtorek;2025;12;Oświęcim;1;"Sebastian M. (12:00-21:30)";9,50;tak;1383;1383;0,00;;0;0,00;1383;0,0;0,0;145,58;14;35;2025-12-16T20:00:35.525Z
16.12.2025;wtorek;2025;12;Wilamowice;1;"Tomek K. (14:00-21:30)";7,50;tak;630;630;0,00;;0;0,00;630;0,0;0,0;84,00;8;29;2025-12-16T20:06:59.318Z
17.12.2025;środa;2025;12;Oświęcim;1;"Kacper J. (12:00-21:00)";9,00;tak;901;901;0,00;;0;0,00;901;0,0;0,0;100,11;14;29;2025-12-17T19:43:27.594Z
17.12.2025;środa;2025;12;Wilamowice;1;"Tomek K. (14:00-21:30)";7,50;tak;1209;1209;0,00;;0;0,00;1209;0,0;0,0;161,20;12;20;2025-12-17T19:56:23.315Z
18.12.2025;czwartek;2025;12;Oświęcim;1;"Sebastian M. (12:00-21:00)";9,00;tak;1308;1308;0,00;;0;0,00;1308;0,0;0,0;145,33;13;16;2025-12-18T19:31:28.768Z
18.12.2025;czwartek;2025;12;Wilamowice;1;"Tomek K. (14:00-21:00)";7,00;tak;1364;1364;0,00;;0;0,00;1364;0,0;0,0;194,86;18;22;2025-12-18T19:26:39.198Z
19.12.2025;piątek;2025;12;Oświęcim;1;"Sebastian M. (12:00-21:30)";9,50;tak;2047;2047;0,00;;0;0,00;2047;0,0;0,0;215,47;18;31;2025-12-19T19:42:44.887Z
19.12.2025;piątek;2025;12;Wilamowice;1;"Tomek K. (14:00-21:30)";7,50;tak;785;785;0,00;;0;0,00;785;0,0;0,0;104,67;12;31;2025-12-19T20:02:17.223Z
20.12.2025;sobota;2025;12;Oświęcim;1;"Sebastian M. (12:00-21:30)";9,50;tak;1222;1222;0,00;;0;0,00;1222;0,0;0,0;128,63;12;14;2025-12-20T19:33:08.892Z
20.12.2025;sobota;2025;12;Wilamowice;1;"Paweł K. (12:00-21:00)";9,00;tak;847;847;0,00;;0;0,00;847;0,0;0,0;94,11;12;222;2025-12-20T19:42:34.892Z
21.12.2025;niedziela;2025;12;Oświęcim;2;"Sebastian M. (12:00-21:30) | Natalia D. (15:00-21:30)";16,00;tak;2599;2599;0,00;;0;0,00;2599;0,0;0,0;162,44;20;49;2025-12-21T20:08:06.461Z
22.12.2025;poniedziałek;2025;12;Oświęcim;1;"Kacper J. (12:00-21:00)";9,00;tak;956;956;0,00;;0;0,00;956;0,0;0,0;106,22;10;35;2025-12-22T19:37:35.552Z
22.12.2025;poniedziałek;2025;12;Wilamowice;1;"Tomek K. (14:00-21:00)";7,00;tak;766;766;0,00;;0;0,00;766;0,0;0,0;109,43;7;21;2025-12-22T19:54:37.213Z
23.12.2025;wtorek;2025;12;Oświęcim;1;"Tomek K. (12:00-21:30)";9,50;tak;1733;1733;0,00;;0;0,00;1733;0,0;0,0;182,42;15;25;2025-12-23T20:01:40.458Z
23.12.2025;wtorek;2025;12;Wilamowice;1;"Radek K. (14:00-21:30)";7,50;tak;410;410;0,00;;0;0,00;410;0,0;0,0;54,67;12;34;2025-12-23T19:51:50.400Z
27.12.2025;sobota;2025;12;Oświęcim;1;"Sebastian M. (12:00-21:30)";9,50;tak;964;964;0,00;;0;0,00;964;0,0;0,0;101,47;22;55;2025-12-27T18:52:56.653Z
27.12.2025;sobota;2025;12;Wilamowice;1;"Radek K. (14:00-21:30)";7,50;tak;573;573;0,00;;0;0,00;573;0,0;0,0;76,40;9;33;2025-12-27T20:01:37.568Z
28.12.2025;niedziela;2025;12;Oświęcim;1;"Kacper J. (12:00-21:00)";9,00;tak;1194;1194;0,00;;0;0,00;1194;0,0;0,0;132,67;14;30;2025-12-28T19:37:13.442Z
29.12.2025;poniedziałek;2025;12;Oświęcim;1;"Radek K. (12:30-21:30)";9,00;tak;969;969;0,00;;0;0,00;969;0,0;0,0;107,67;6;26;2025-12-29T20:04:23.191Z
29.12.2025;poniedziałek;2025;12;Wilamowice;1;"Tomek K. (14:00-21:30)";7,50;tak;937;937;0,00;;0;0,00;937;0,0;0,0;124,93;9;21;2025-12-29T20:01:55.922Z
30.12.2025;wtorek;2025;12;Oświęcim;1;"Sebastian M. (12:00-21:30)";9,50;tak;1473;1473;0,00;;0;0,00;1473;0,0;0,0;155,05;22;38;2025-12-30T19:29:21.825Z
30.12.2025;wtorek;2025;12;Wilamowice;1;"Radek K. (14:00-21:30)";7,50;tak;834;834;0,00;;0;0,00;834;0,0;0,0;111,20;12;15;2025-12-30T20:22:40.746Z
02.01.2026;piątek;2026;1;Oświęcim;1;"Sebastian M. (12:00-21:30)";9,50;tak;1066;1066;0,00;;0;0,00;1066;0,0;0,0;112,21;12;25;2026-01-02T19:56:36.162Z
02.01.2026;piątek;2026;1;Wilamowice;1;"Tomek K. (14:00-21:30)";7,50;tak;666;666;0,00;;0;0,00;666;0,0;0,0;88,80;13;33;2026-01-02T20:05:38.134Z
03.01.2026;sobota;2026;1;Oświęcim;2;"Sebastian M. (12:00-21:30) | Kacper J. (14:30-21:30)";16,50;tak;3011;3011;0,00;;0;0,00;3011;0,0;0,0;182,48;21;35;2026-01-03T20:08:54.801Z
03.01.2026;sobota;2026;1;Wilamowice;1;"Tomek K. (14:00-21:30)";7,50;tak;787;787;0,00;;0;0,00;787;0,0;0,0;104,93;9;33;2026-01-03T19:58:40.026Z
04.01.2026;niedziela;2026;1;Oświęcim;1;"Sebastian M. (14:00-21:30)";7,50;tak;1455;1455;0,00;;0;0,00;1455;0,0;0,0;194,00;0;0;2026-01-04T19:43:56.373Z
04.01.2026;niedziela;2026;1;Wilamowice;1;"Paweł K. (14:00-20:30)";6,50;tak;1491;1491;0,00;;0;0,00;1491;0,0;0,0;229,38;12;17;2026-01-04T19:16:15.690Z
05.01.2026;poniedziałek;2026;1;Oświęcim;1;"Tomek K. (12:00-21:30)";9,50;tak;1489;1489;0,00;;0;0,00;1489;0,0;0,0;156,74;9;29;2026-01-05T19:59:56.549Z
05.01.2026;poniedziałek;2026;1;Wilamowice;0;"";0,00;tak;84;84;0,00;;0;0,00;84;0,0;0,0;;0;0;2026-01-05T20:31:42.184Z
06.01.2026;wtorek;2026;1;Oświęcim;1;"Tomek K. (12:00-21:30)";9,50;tak;1208;1208;0,00;;0;0,00;1208;0,0;0,0;127,16;12;28;2026-01-06T20:10:04.145Z
06.01.2026;wtorek;2026;1;Wilamowice;1;"Paweł K. (14:00-20:30)";6,50;tak;1018;1018;0,00;;0;0,00;1018;0,0;0,0;156,62;10;26;2026-01-06T19:14:47.474Z
07.01.2026;środa;2026;1;Oświęcim;1;"Tomek K. (12:00-21:30)";9,50;tak;1185;1185;0,00;;0;0,00;1185;0,0;0,0;124,74;18;35;2026-01-07T20:04:46.005Z
07.01.2026;środa;2026;1;Wilamowice;0;"";0,00;tak;154;154;0,00;;0;0,00;154;0,0;0,0;;0;0;2026-01-07T20:05:28.058Z
08.01.2026;czwartek;2026;1;Oświęcim;1;"Sebastian M. (12:00-21:30)";9,50;tak;665;665;0,00;;0;0,00;665;0,0;0,0;70,00;16;26;2026-01-08T19:51:22.165Z
08.01.2026;czwartek;2026;1;Wilamowice;1;"Tomek K. (14:00-20:00)";6,00;tak;185;185;0,00;;0;0,00;185;0,0;0,0;30,83;4;22;2026-01-08T18:44:58.680Z
09.01.2026;piątek;2026;1;Oświęcim;1;"Sebastian M. (12:00-21:30)";9,50;tak;1310;1310;0,00;;0;0,00;1310;0,0;0,0;137,89;15;32;2026-01-09T20:11:48.389Z
09.01.2026;piątek;2026;1;Wilamowice;1;"Tomek K. (14:00-21:30)";7,50;tak;354;354;0,00;;0;0,00;354;0,0;0,0;47,20;11;34;2026-01-09T20:01:52.777Z
10.01.2026;sobota;2026;1;Oświęcim;1;"Sebastian M. (12:00-21:30)";9,50;tak;1351;1351;0,00;;0;0,00;1351;0,0;0,0;142,21;13;28;2026-01-10T19:49:09.058Z
10.01.2026;sobota;2026;1;Wilamowice;1;"Tomek K. (14:00-21:30)";7,50;tak;788;788;0,00;;0;0,00;788;0,0;0,0;105,07;10;26;2026-01-10T20:02:57.433Z
11.01.2026;niedziela;2026;1;Oświęcim;1;"Sebastian M. (14:00-21:00)";7,00;tak;1151;1151;0,00;;0;0,00;1151;0,0;0,0;164,43;19;22;2026-01-11T19:38:42.957Z
11.01.2026;niedziela;2026;1;Wilamowice;1;"Paweł K. (14:00-21:00)";7,00;tak;1016;1016;0,00;;0;0,00;1016;0,0;0,0;145,14;6;11;2026-01-11T19:37:49.532Z
12.01.2026;poniedziałek;2026;1;Oświęcim;1;"Kacper J. (12:00-21:00)";9,00;tak;842;842;0,00;396;0;0,00;446;47,0;0,0;93,56;14;49;2026-01-12T19:39:47.263Z
12.01.2026;poniedziałek;2026;1;Wilamowice;1;"Tomek K. (14:00-21:30)";7,50;tak;303;303;0,00;189;0;0,00;114;62,4;0,0;40,40;6;31;2026-01-12T19:57:50.186Z
13.01.2026;wtorek;2026;1;Oświęcim;1;"Radek K. (12:00-21:30)";9,50;tak;773;773;0,00;658;0;0,00;115;85,1;0,0;81,37;7;33;2026-01-13T19:49:00.661Z
13.01.2026;wtorek;2026;1;Wilamowice;1;"Tomek K. (14:00-21:30)";7,50;tak;684;684;0,00;394;0;0,00;290;57,6;0,0;91,20;10;19;2026-01-13T20:01:22.202Z
14.01.2026;środa;2026;1;Oświęcim;1;"Sebastian M. (12:00-21:30)";9,50;tak;1428;1428;0,00;715;0;0,00;713;50,1;0,0;150,32;15;22;2026-01-14T19:43:02.226Z
14.01.2026;środa;2026;1;Wilamowice;1;"Tomek K. (14:00-21:30)";7,50;tak;464;464;0,00;142;0;0,00;322;30,6;0,0;61,87;7;31;2026-01-14T20:01:22.192Z
15.01.2026;czwartek;2026;1;Oświęcim;1;"Tomek K. (12:00-21:30)";9,50;tak;843;843;0,00;417;0;0,00;426;49,5;0,0;88,74;5;21;
15.01.2026;czwartek;2026;1;Wilamowice;1;"Radek K. (14:00-21:30)";7,50;tak;794;794;0,00;519;0;0,00;275;65,4;0,0;105,87;7;12;
16.01.2026;piątek;2026;1;Oświęcim;1;"Sebastian M. (12:00-21:30)";9,50;tak;1046;1046;0,00;388;0;0,00;658;37,1;0,0;110,11;18;52;
16.01.2026;piątek;2026;1;Wilamowice;1;"Tomek K. (14:00-21:30)";7,50;tak;480;480;0,00;285;0;0,00;195;59,4;0,0;64,00;8;33;
17.01.2026;sobota;2026;1;Oświęcim;1;"Sebastian M. (12:00-21:30)";9,50;tak;1864;1864;0,00;1486;0;0,00;378;79,7;0,0;196,21;22;40;
17.01.2026;sobota;2026;1;Wilamowice;1;"Tomek K. (14:00-21:30)";7,50;tak;1034;1034;0,00;838;0;0,00;196;81,0;0,0;137,87;12;31;
18.01.2026;niedziela;2026;1;Oświęcim;1;"Sebastian M. (14:00-21:30)";7,50;tak;1225;1225;0,00;864;0;0,00;361;70,5;0,0;163,33;15;38;
18.01.2026;niedziela;2026;1;Wilamowice;1;"Paweł K. (14:00-21:00)";7,00;tak;811;811;0,00;482;0;0,00;329;59,4;0,0;115,86;4;16;
19.01.2026;poniedziałek;2026;1;Oświęcim;1;"Kacper J. (12:00-21:30)";9,50;tak;1216;1216;0,00;903;0;0,00;313;74,3;0,0;128,00;13;23;
19.01.2026;poniedziałek;2026;1;Wilamowice;1;"Tomek K. (14:00-21:30)";7,50;tak;500;500;0,00;274;0;0,00;226;54,8;0,0;66,67;7;25;
20.01.2026;wtorek;2026;1;Oświęcim;1;"Tomek K. (12:00-21:00)";9,00;tak;685;685;0,00;482;0;0,00;203;70,4;0,0;76,11;8;28;
20.01.2026;wtorek;2026;1;Wilamowice;1;"Radek K. (14:00-21:00)";7,00;tak;783;783;0,00;556;0;0,00;227;71,0;0,0;111,86;8;21;
21.01.2026;środa;2026;1;Oświęcim;1;"Kacper J. (12:00-21:00)";9,00;tak;1062;1062;0,00;560;0;0,00;502;52,7;0,0;118,00;10;22;
21.01.2026;środa;2026;1;Wilamowice;1;"Tomek K. (14:00-20:00)";6,00;tak;70;70;0,00;38;0;0,00;32;54,3;0,0;11,67;4;29;
22.01.2026;czwartek;2026;1;Oświęcim;1;"Tomek K. (12:00-21:30)";9,50;tak;891;891;0,00;455;0;0,00;436;51,1;0,0;93,79;12;24;
22.01.2026;czwartek;2026;1;Wilamowice;1;"Sebastian M. (14:00-21:00)";7,00;tak;423;423;0,00;205;0;0,00;218;48,5;0,0;60,43;10;26;
23.01.2026;piątek;2026;1;Oświęcim;1;"Sebastian M. (12:00-21:30)";9,50;tak;1291;1291;0,00;382;0;0,00;909;29,6;0,0;135,89;14;33;
23.01.2026;piątek;2026;1;Wilamowice;1;"Paweł K. (14:00-21:00)";7,00;tak;1282;1282;0,00;866;0;0,00;416;67,5;0,0;183,14;7;22;
24.01.2026;sobota;2026;1;Oświęcim;1;"Sebastian M. (12:00-21:30)";9,50;tak;1666;1666;0,00;955;0;0,00;711;57,3;0,0;175,37;23;42;
24.01.2026;sobota;2026;1;Wilamowice;1;"Radek K. (14:00-21:00)";7,00;tak;457;457;0,00;169;0;0,00;288;37,0;0,0;65,29;7;36;
25.01.2026;niedziela;2026;1;Oświęcim;1;"Sebastian M. (14:00-21:30)";7,50;tak;1151;1151;0,00;712;0;0,00;439;61,9;0,0;153,47;18;38;
25.01.2026;niedziela;2026;1;Wilamowice;0;"";0,00;tak;277;277;0,00;128;0;0,00;149;46,2;0,0;;0;0;
26.01.2026;poniedziałek;2026;1;Oświęcim;1;"Kacper J. (12:00-20:00)";8,00;tak;153;153;0,00;103;0;0,00;50;67,3;0,0;19,13;5;32;
27.01.2026;wtorek;2026;1;Oświęcim;1;"Tomek K. (12:00-21:30)";9,50;tak;922;922;0,00;677;0;0,00;245;73,4;0,0;97,05;9;27;
27.01.2026;wtorek;2026;1;Wilamowice;1;"Radek K. (14:00-21:30)";7,50;tak;813;813;0,00;273;0;0,00;540;33,6;0,0;108,40;14;42;
28.01.2026;środa;2026;1;Oświęcim;1;"Kacper J. (12:00-21:30)";9,50;tak;891;891;0,00;408;0;0,00;483;45,8;0,0;93,79;12;36;
28.01.2026;środa;2026;1;Wilamowice;1;"Tomek K. (14:00-21:00)";7,00;tak;626;626;0,00;325;0;0,00;301;51,9;0,0;89,43;9;25;
29.01.2026;czwartek;2026;1;Oświęcim;1;"Tomek K. (12:00-21:30)";9,50;tak;903;903;0,00;462;0;0,00;441;51,2;0,0;95,05;10;30;
29.01.2026;czwartek;2026;1;Wilamowice;1;"Sebastian M. (14:30-21:00)";6,50;tak;300;300;0,00;64;0;0,00;236;21,3;0,0;46,15;11;26;
30.01.2026;piątek;2026;1;Oświęcim;1;"Tomek K. (12:00-21:30)";9,50;tak;991;991;0,00;742;0;0,00;249;74,9;0,0;104,32;12;34;
30.01.2026;piątek;2026;1;Wilamowice;1;"Sebastian M. (14:00-18:30)";4,50;tak;107;107;0,00;75;0;0,00;32;70,1;0,0;23,78;0;0;
31.01.2026;sobota;2026;1;Oświęcim;1;"Sebastian M. (14:30-20:30)";6,00;tak;1152;1152;0,00;558;0;0,00;594;48,4;0,0;192,00;14;31;
31.01.2026;sobota;2026;1;Wilamowice;1;"Tomek K. (14:00-18:30)";4,50;tak;202;202;0,00;202;0;0,00;0;100,0;0,0;44,89;2;2;
01.02.2026;niedziela;2026;2;Oświęcim;1;"Sebastian M. (14:00-21:30)";7,50;tak;671;671;0,00;355;0;0,00;316;52,9;0,0;89,47;20;42;
02.02.2026;poniedziałek;2026;2;Oświęcim;1;"Kacper J. (12:00-21:00)";9,00;tak;565;565;0,00;232;0;0,00;333;41,1;0,0;62,78;11;37;
03.02.2026;wtorek;2026;2;Oświęcim;1;"Kacper J. (12:00-21:00)";9,00;tak;528;528;0,00;273;0;0,00;255;51,7;0,0;58,67;8;26;
03.02.2026;wtorek;2026;2;Wilamowice;1;"Radek K. (14:00-21:00)";7,00;tak;554;554;0,00;436;0;0,00;118;78,7;0,0;79,14;11;26;
04.02.2026;środa;2026;2;Oświęcim;1;"Sebastian M. (13:00-21:30)";8,50;tak;1099;1099;0,00;771;0;0,00;328;70,2;0,0;129,29;11;33;
04.02.2026;środa;2026;2;Wilamowice;1;"Paweł K. (14:00-20:00)";6,00;tak;453;453;0,00;225;0;0,00;228;49,7;0,0;75,50;7;22;
05.02.2026;czwartek;2026;2;Oświęcim;1;"Sebastian M. (12:00-21:30)";9,50;tak;1034;1034;0,00;670;0;0,00;364;64,8;0,0;108,84;15;25;
05.02.2026;czwartek;2026;2;Wilamowice;1;"Radek K. (14:00-20:00)";6,00;tak;349;349;0,00;250;0;0,00;99;71,6;0,0;58,17;10;37;
06.02.2026;piątek;2026;2;Oświęcim;1;"Sebastian M. (12:00-21:30)";9,50;tak;632;632;0,00;178;0;0,00;454;28,2;0,0;66,53;14;29;
06.02.2026;piątek;2026;2;Wilamowice;1;"Tomek K. (14:00-19:30)";5,50;tak;1061;1061;0,00;762;0;0,00;299;71,8;0,0;192,91;16;20;
07.02.2026;sobota;2026;2;Oświęcim;1;"Sebastian M. (12:00-21:30)";9,50;tak;1331;1331;0,00;732;0;0,00;599;55,0;0,0;140,11;20;36;
07.02.2026;sobota;2026;2;Wilamowice;1;"Tomek K. (14:00-21:30)";7,50;tak;1097;1097;0,00;926;0;0,00;171;84,4;0,0;146,27;11;16;
08.02.2026;niedziela;2026;2;Oświęcim;1;"Sebastian M. (14:00-21:30)";7,50;tak;1287;1287;0,00;783;0;0,00;504;60,8;0,0;171,60;31;42;
09.02.2026;poniedziałek;2026;2;Oświęcim;1;"Tomek K. (12:00-21:30)";9,50;tak;1212;1212;0,00;625;0;0,00;587;51,6;0,0;127,58;10;23;
10.02.2026;wtorek;2026;2;Oświęcim;1;"Tomek K. (12:00-21:30)";9,50;tak;1202;1202;0,00;1233;0;0,00;0;102,6;0,0;126,53;15;24;
10.02.2026;wtorek;2026;2;Wilamowice;1;"Radek K. (14:00-21:00)";7,00;tak;571;571;0,00;497;0;0,00;74;87,0;0,0;81,57;3;30;
11.02.2026;środa;2026;2;Oświęcim;1;"Sebastian M. (12:00-21:00)";9,00;tak;948;948;0,00;282;0;0,00;666;29,8;0,0;105,33;19;28;
11.02.2026;środa;2026;2;Wilamowice;1;"Tomek K. (14:00-21:30)";7,50;tak;187;187;0,00;105;0;0,00;82;56,1;0,0;24,93;6;24;
12.02.2026;czwartek;2026;2;Oświęcim;1;"Tomek K. (12:00-20:00)";8,00;tak;451;451;0,00;261;0;0,00;190;57,9;0,0;56,38;6;36;
12.02.2026;czwartek;2026;2;Wilamowice;1;"Radek K. (14:00-21:00)";7,00;tak;677;677;0,00;468;0;0,00;209;69,1;0,0;96,71;8;16;
13.02.2026;piątek;2026;2;Oświęcim;1;"Sebastian M. (12:00-21:30)";9,50;tak;1622;1622;0,00;1386;0;0,00;236;85,5;0,0;170,74;18;28;
13.02.2026;piątek;2026;2;Wilamowice;1;"Tomek K. (14:00-21:30)";7,50;tak;943;943;0,00;768;0;0,00;175;81,4;0,0;125,73;9;20;
14.02.2026;sobota;2026;2;Oświęcim;1;"Sebastian M. (12:00-21:30)";9,50;tak;2381;2381;0,00;1772;0;0,00;609;74,4;0,0;250,63;27;40;
15.02.2026;niedziela;2026;2;Oświęcim;1;"Sebastian M. (14:00-21:30)";7,50;tak;1330;1330;0,00;1025;0;0,00;305;77,1;0,0;177,33;24;40;
15.02.2026;niedziela;2026;2;Wilamowice;0;"";0,00;tak;0;0;0,00;0;0;0,00;0;;;;0;0;
16.02.2026;poniedziałek;2026;2;Oświęcim;1;"Tomek K. (12:00-21:30)";9,50;tak;1430;1430;0,00;1042;0;0,00;388;72,9;0,0;150,53;7;13;
17.02.2026;wtorek;2026;2;Oświęcim;1;"Tomek K. (12:00-21:30)";9,50;tak;1296;1296;0,00;646;0;0,00;650;49,9;0,0;136,42;13;32;
18.02.2026;środa;2026;2;Oświęcim;1;"Sebastian M. (12:00-21:30)";9,50;tak;1401;1401;0,00;751;0;0,00;650;53,6;0,0;147,47;13;19;
19.02.2026;czwartek;2026;2;Oświęcim;1;"Sebastian M. (12:00-21:30)";9,50;tak;796;796;0,00;542;0;0,00;254;68,1;0,0;83,79;15;34;
20.02.2026;piątek;2026;2;Oświęcim;1;"Sebastian M. (12:00-21:30)";9,50;tak;867;867;0,00;583;0;0,00;284;67,2;0,0;91,26;11;33;
21.02.2026;sobota;2026;2;Oświęcim;1;"Tomek K. (12:00-21:00)";9,00;tak;1284;1284;0,00;701;0;0,00;583;54,6;0,0;142,67;13;15;
22.02.2026;niedziela;2026;2;Oświęcim;1;"Kacper J. (14:00-21:00)";7,00;tak;1390;1390;0,00;610;0;0,00;780;43,9;0,0;198,57;16;17;
23.02.2026;poniedziałek;2026;2;Oświęcim;1;"Kacper J. (12:00-21:00)";9,00;tak;851;851;0,00;482;0;0,00;369;56,6;0,0;94,56;11;12;
24.02.2026;wtorek;2026;2;Oświęcim;1;"Tomek K. (12:00-21:30)";9,50;tak;670;670;0,00;403;0;0,00;267;60,1;0,0;70,53;13;16;
25.02.2026;środa;2026;2;Oświęcim;1;"Tomek K. (12:00-21:00)";9,00;tak;605;605;0,00;246;0;0,00;359;40,7;0,0;67,22;12;38;
26.02.2026;czwartek;2026;2;Oświęcim;1;"Sebastian M. (12:00-21:30)";9,50;tak;979;979;0,00;633;0;0,00;346;64,7;0,0;103,05;13;16;
27.02.2026;piątek;2026;2;Oświęcim;1;"Tomek K. (12:00-20:00)";8,00;tak;1456;1456;0,00;938;0;0,00;518;64,4;0,0;182,00;11;15;
28.02.2026;sobota;2026;2;Oświęcim;2;"Sebastian M. (12:00-21:30) | Natalia D. (16:00-21:30)";15,00;tak;2282;2282;0,00;1486;0;0,00;796;65,1;0,0;152,13;14;19;
01.03.2026;niedziela;2026;3;Oświęcim;2;"Sebastian M. (14:00-19:30) | Natalia D. (16:00-19:30)";9,00;tak;1283;1283;0,00;788;0;0,00;495;61,4;0,0;142,56;21;25;
02.03.2026;poniedziałek;2026;3;Oświęcim;1;"Kacper J. (12:00-21:30)";9,50;tak;1317;1317;0,00;552;0;0,00;765;41,9;0,0;138,63;13;22;
03.03.2026;wtorek;2026;3;Oświęcim;1;"Sebastian M. (12:00-21:30)";9,50;tak;1227;1227;0,00;765;0;0,00;462;62,4;0,0;129,16;16;40;
04.03.2026;środa;2026;3;Oświęcim;1;"Kacper J. (12:00-21:00)";9,00;tak;1137;1137;0,00;500;0;0,00;637;44,0;0,0;126,33;12;24;
05.03.2026;czwartek;2026;3;Oświęcim;1;"Sebastian M. (12:00-21:30)";9,50;tak;934;934;0,00;367;0;0,00;567;39,3;0,0;98,32;11;38;
06.03.2026;piątek;2026;3;Osiek;2;"Paweł K. (14:00-21:00) | Tomek K. (14:00-21:00)";14,00;tak;3364;3364;0,00;2123;0;0,00;1241;63,1;0,0;240,29;12;32;
07.03.2026;sobota;2026;3;Osiek;2;"Sebastian M. (12:00-21:30) | Kacper J. (12:00-21:30)";19,00;tak;3657;3657;0,00;2042;0;0,00;1615;55,8;0,0;192,47;29;44;
07.03.2026;sobota;2026;3;Oświęcim;1;"Tomek K. (12:00-21:30)";9,50;tak;1538;1538;0,00;1133;0;0,00;405;73,7;0,0;161,89;16;35;
08.03.2026;niedziela;2026;3;Osiek;2;"Sebastian M. (14:00-21:30) | Kacper J. (14:00-21:30)";15,00;tak;3085;3085;0,00;1894;0;0,00;1191;61,4;0,0;205,67;25;43;
08.03.2026;niedziela;2026;3;Oświęcim;1;"Tomek K. (14:00-21:30)";7,50;tak;1163;1163;0,00;903;0;0,00;260;77,6;0,0;155,07;12;38;
09.03.2026;poniedziałek;2026;3;Osiek;1;"Tomek K. (14:00-21:30)";7,50;tak;1955;1955;0,00;1383;0;0,00;572;70,7;0,0;260,67;18;49;
09.03.2026;poniedziałek;2026;3;Oświęcim;1;"Kacper J. (12:00-20:30)";8,50;tak;1157;1157;0,00;618;0;0,00;539;53,4;0,0;136,12;13;14;
10.03.2026;wtorek;2026;3;Osiek;1;"Tomek K. (14:00-21:00)";7,00;tak;1933;1933;0,00;1298;0;0,00;635;67,2;0,0;276,14;20;35;
10.03.2026;wtorek;2026;3;Oświęcim;1;"Sebastian M. (12:00-21:00)";9,00;tak;1638;1638;0,00;1554;0;0,00;84;94,9;0,0;182,00;19;29;
11.03.2026;środa;2026;3;Osiek;1;"Tomek K. (14:00-21:00)";7,00;tak;1249;1249;0,00;763;0;0,00;486;61,1;0,0;178,43;11;47;
11.03.2026;środa;2026;3;Oświęcim;1;"Paweł K. (12:00-21:00)";9,00;tak;1004;1004;0,00;568;0;0,00;436;56,6;0,0;111,56;7;19;
12.03.2026;czwartek;2026;3;Osiek;1;"Tomek K. (14:00-21:00)";7,00;tak;873;873;0,00;626;0;0,00;247;71,7;0,0;124,71;13;36;
12.03.2026;czwartek;2026;3;Oświęcim;1;"Sebastian M. (12:00-21:30)";9,50;tak;1613;1613;0,00;757;0;0,00;856;46,9;0,0;169,79;24;51;
13.03.2026;piątek;2026;3;Osiek;2;"Sebastian M. (12:00-21:30) | Kacper J. (12:00-21:30)";19,00;tak;1690;1690;0,00;951;0;0,00;739;56,3;0,0;88,95;27;46;
13.03.2026;piątek;2026;3;Oświęcim;1;"Paweł K. (12:00-21:30)";9,50;tak;2097;2097;0,00;1280;0;0,00;817;61,0;0,0;220,74;11;33;
14.03.2026;sobota;2026;3;Osiek;2;"Radek K. (12:00-21:30) | Tomek K. (12:00-21:30)";19,00;tak;4015;4015;0,00;2571;0;0,00;1444;64,0;0,0;211,32;25;47;
14.03.2026;sobota;2026;3;Oświęcim;2;"Sebastian M. (12:00-21:30) | Natalia D. (15:00-21:30)";16,00;tak;2633;2633;0,00;1915;0;0,00;718;72,7;0,0;164,56;25;49;
15.03.2026;niedziela;2026;3;Osiek;2;"Sebastian M. (14:00-21:30) | Natalia D. (14:00-21:30)";15,00;tak;2803;2803;0,00;1917;0;0,00;886;68,4;0,0;186,87;30;67;
15.03.2026;niedziela;2026;3;Oświęcim;1;"Paweł K. (14:00-21:00)";7,00;tak;1372;1372;0,00;787;0;0,00;585;57,4;0,0;196,00;9;35;
16.03.2026;poniedziałek;2026;3;Osiek;1;"Tomek K. (14:00-21:00)";7,00;tak;649;649;0,00;420;0;0,00;229;64,7;0,0;92,71;6;6;
16.03.2026;poniedziałek;2026;3;Oświęcim;1;"Kacper J. (12:00-21:30)";9,50;tak;795;795;0,00;372;0;0,00;423;46,8;0,0;83,68;12;37;
17.03.2026;wtorek;2026;3;Osiek;1;"Tomek K. (14:00-21:00)";7,00;tak;961;961;0,00;236;0;0,00;725;24,6;0,0;137,29;8;33;
17.03.2026;wtorek;2026;3;Oświęcim;1;"Sebastian M. (12:00-21:30)";9,50;tak;1151;1151;0,00;352;0;0,00;799;30,6;0,0;121,16;15;34;
18.03.2026;środa;2026;3;Osiek;1;"Tomek K. (14:00-21:00)";7,00;tak;622;622;0,00;298;0;0,00;324;47,9;0,0;88,86;10;47;
18.03.2026;środa;2026;3;Oświęcim;1;"Sebastian M. (12:00-21:30)";9,50;tak;1328;1328;0,00;944;0;0,00;384;71,1;0,0;139,79;19;27;
19.03.2026;czwartek;2026;3;Osiek;1;"Tomek K. (14:00-21:00)";7,00;tak;810;810;0,00;696;0;0,00;114;85,9;0,0;115,71;11;28;
19.03.2026;czwartek;2026;3;Oświęcim;1;"Kacper J. (12:00-21:00)";9,00;tak;971;971;0,00;585;0;0,00;386;60,3;0,0;107,89;14;47;
20.03.2026;piątek;2026;3;Osiek;2;"Radek K. (15:00-21:00) | Tomek K. (12:00-21:00)";15,00;tak;1630;1630;0,00;1265;0;0,00;365;77,6;0,0;108,67;13;35;
20.03.2026;piątek;2026;3;Oświęcim;1;"Sebastian M. (12:00-21:30)";9,50;tak;1515;1515;0,00;815;0;0,00;700;53,8;0,0;159,47;29;44;
21.03.2026;sobota;2026;3;Osiek;2;"Radek K. (12:30-21:00) | Tomek K. (12:30-21:00)";17,00;tak;2802;2802;0,00;1748;0;0,00;1054;62,4;0,0;164,82;15;31;
21.03.2026;sobota;2026;3;Oświęcim;2;"Sebastian M. (12:00-21:30) | Kacper J. (14:00-21:30)";17,00;tak;1992;1992;0,00;1302;0;0,00;690;65,4;0,0;117,18;19;22;
22.03.2026;niedziela;2026;3;Osiek;2;"Sebastian M. (14:00-21:00) | Kacper J. (14:00-21:00)";14,00;tak;2644;2644;0,00;1512;0;0,00;1132;57,2;0,0;188,86;21;36;
22.03.2026;niedziela;2026;3;Oświęcim;2;"Paweł K. (14:00-21:00) | Natalia D. (14:00-21:00)";14,00;tak;1666;1666;0,00;904;0;0,00;762;54,3;0,0;119,00;6;28;
23.03.2026;poniedziałek;2026;3;Osiek;1;"Paweł K. (14:00-20:30)";6,50;tak;1029;1029;0,00;660;0;0,00;369;64,1;0,0;158,31;4;31;
23.03.2026;poniedziałek;2026;3;Oświęcim;1;"Kacper J. (12:00-21:00)";9,00;tak;839;839;0,00;714;0;0,00;125;85,1;0,0;93,22;18;47;
24.03.2026;wtorek;2026;3;Osiek;1;"Radek K. (14:00-21:00)";7,00;tak;522;522;0,00;305;0;0,00;217;58,4;0,0;74,57;4;19;
24.03.2026;wtorek;2026;3;Oświęcim;1;"Tomek K. (12:00-21:30)";9,50;tak;717;717;0,00;473;0;0,00;244;66,0;0,0;75,47;16;25;
25.03.2026;środa;2026;3;Osiek;1;"Tomek K. (14:00-21:00)";7,00;tak;785;785;0,00;463;0;0,00;322;59,0;0,0;112,14;17;39;
25.03.2026;środa;2026;3;Oświęcim;1;"Kacper J. (12:00-21:00)";9,00;tak;874;874;0,00;649;0;0,00;225;74,3;0,0;97,11;13;33;
26.03.2026;czwartek;2026;3;Osiek;1;"Tomek K. (14:00-20:00)";6,00;tak;1051;1051;0,00;624;0;0,00;427;59,4;0,0;175,17;17;39;
26.03.2026;czwartek;2026;3;Oświęcim;1;"Sebastian M. (12:00-21:00)";9,00;tak;624;624;0,00;390;0;0,00;234;62,5;0,0;69,33;19;35;
27.03.2026;piątek;2026;3;Osiek;1;"Tomek K. (12:00-21:00)";9,00;tak;1149;1149;0,00;733;0;0,00;416;63,8;0,0;127,67;18;47;
27.03.2026;piątek;2026;3;Oświęcim;1;"Sebastian M. (12:00-21:30)";9,50;tak;1640;1640;0,00;959;0;0,00;681;58,5;0,0;172,63;16;21;
28.03.2026;sobota;2026;3;Osiek;2;"Radek K. (12:30-21:00) | Tomek K. (12:30-21:00)";17,00;tak;2024;2024;0,00;1119;0;0,00;905;55,3;0,0;119,06;14;40;
28.03.2026;sobota;2026;3;Oświęcim;2;"Sebastian M. (12:00-21:30) | Kacper J. (14:00-21:30)";17,00;tak;1921;1921;0,00;1150;0;0,00;771;59,9;0,0;113,00;17;35;
29.03.2026;niedziela;2026;3;Osiek;2;"Sebastian M. (14:00-21:30) | Natalia D. (14:00-21:30)";15,00;tak;2232;2232;0,00;961;0;0,00;1271;43,1;0,0;148,80;14;22;
29.03.2026;niedziela;2026;3;Oświęcim;1;"Paweł K. (14:00-21:30)";7,50;tak;2246;2246;0,00;1656;0;0,00;590;73,7;0,0;299,47;7;12;
30.03.2026;poniedziałek;2026;3;Osiek;1;"Tomek K. (14:00-21:00)";7,00;tak;386;386;0,00;239;0;0,00;147;61,9;0,0;55,14;6;33;
30.03.2026;poniedziałek;2026;3;Oświęcim;1;"Kacper J. (12:00-21:00)";9,00;tak;673;673;0,00;327;0;0,00;346;48,6;0,0;74,78;12;30;
31.03.2026;wtorek;2026;3;Osiek;1;"Tomek K. (14:00-21:00)";7,00;tak;976;976;0,00;622;0;0,00;354;63,7;0,0;139,43;8;13;
31.03.2026;wtorek;2026;3;Oświęcim;1;"Radek K. (12:00-20:00)";8,00;tak;1421;1421;0,00;554;0;0,00;867;39,0;0,0;177,63;13;16;
01.04.2026;środa;2026;4;Osiek;1;"Tomek K. (14:00-21:00)";7,00;tak;1340;1340;0,00;1030;0;0,00;310;76,9;0,0;191,43;14;19;
01.04.2026;środa;2026;4;Oświęcim;1;"Sebastian M. (12:00-21:30)";9,50;tak;1311;1311;0,00;450;0;0,00;861;34,3;0,0;138,00;20;32;
02.04.2026;czwartek;2026;4;Osiek;1;"Tomek K. (14:00-21:00)";7,00;tak;1189;1189;0,00;771;0;0,00;418;64,8;0,0;169,86;20;39;
02.04.2026;czwartek;2026;4;Oświęcim;1;"Sebastian M. (12:00-21:30)";9,50;tak;1105;1105;0,00;591;0;0,00;514;53,5;0,0;116,32;36;69;
07.04.2026;wtorek;2026;4;Osiek;1;"Tomek K. (14:00-21:00)";7,00;tak;846;846;0,00;601;0;0,00;245;71,0;0,0;120,86;15;30;
07.04.2026;wtorek;2026;4;Oświęcim;1;"Sebastian M. (12:00-20:00)";8,00;tak;1191;1191;0,00;647;0;0,00;544;54,3;0,0;148,88;23;32;
08.04.2026;środa;2026;4;Osiek;1;"Tomek K. (14:00-21:00)";7,00;tak;802;802;0,00;517;0;0,00;285;64,5;0,0;114,57;10;22;
08.04.2026;środa;2026;4;Oświęcim;1;"Kacper J. (12:00-21:00)";9,00;tak;1093;1093;0,00;763;0;0,00;330;69,8;0,0;121,44;12;30;
09.04.2026;czwartek;2026;4;Osiek;1;"Tomek K. (14:00-21:00)";7,00;tak;608;608;0,00;310;0;0,00;298;51,0;0,0;86,86;13;36;
09.04.2026;czwartek;2026;4;Oświęcim;2;"Sebastian M. (12:00-21:30) | Natalia D. (15:30-21:30)";15,50;tak;1805;1805;0,00;1061;0;0,00;744;58,8;0,0;116,45;27;69;
10.04.2026;piątek;2026;4;Osiek;1;"Tomek K. (12:00-21:00)";9,00;tak;1720;1720;0,00;1142;0;0,00;578;66,4;0,0;191,11;20;35;
10.04.2026;piątek;2026;4;Oświęcim;1;"Sebastian M. (12:00-21:30)";9,50;tak;1528;1528;0,00;1176;0;0,00;352;77,0;0,0;160,84;23;49;
11.04.2026;sobota;2026;4;Osiek;2;"Paweł K. (14:00-21:00) | Tomek K. (12:00-21:00)";16,00;tak;2081;2081;0,00;1173;0;0,00;908;56,4;0,0;130,06;12;24;
11.04.2026;sobota;2026;4;Oświęcim;2;"Sebastian M. (12:00-21:30) | Kacper J. (14:00-21:30)";17,00;tak;1644;1644;0,00;1201;0;0,00;443;73,0;0,0;96,71;25;48;
12.04.2026;niedziela;2026;4;Osiek;2;"Sebastian M. (14:00-21:30) | Kacper J. (14:00-21:30)";15,00;tak;2281;2281;0,00;1643;0;0,00;638;72,0;0,0;152,07;35;52;
12.04.2026;niedziela;2026;4;Oświęcim;2;"Paweł K. (14:00-21:00) | Natalia D. (14:00-21:00)";14,00;tak;2378;2378;0,00;1618;0;0,00;760;68,0;0,0;169,86;17;20;
13.04.2026;poniedziałek;2026;4;Osiek;1;"Tomek K. (14:00-21:00)";7,00;tak;704;704;0,00;441;0;0,00;263;62,6;0,0;100,57;10;25;
13.04.2026;poniedziałek;2026;4;Oświęcim;1;"Kacper J. (12:00-21:00)";9,00;tak;1186;1186;0,00;735;0;0,00;451;62,0;0,0;131,78;22;27;
14.04.2026;wtorek;2026;4;Osiek;1;"Tomek K. (14:00-20:30)";6,50;tak;732;732;0,00;422;0;0,00;310;57,6;0,0;112,62;14;34;
14.04.2026;wtorek;2026;4;Oświęcim;1;"Sebastian M. (12:00-21:30)";9,50;tak;1306;1306;0,00;800;0;0,00;506;61,3;0,0;137,47;25;46;
15.04.2026;środa;2026;4;Osiek;1;"Tomek K. (14:00-21:00)";7,00;tak;795;795;0,00;612;0;0,00;183;77,0;0,0;113,57;17;41;
15.04.2026;środa;2026;4;Oświęcim;1;"Sebastian M. (12:00-21:30)";9,50;tak;1130;1130;0,00;561;0;0,00;569;49,6;0,0;118,95;23;31;
16.04.2026;czwartek;2026;4;Osiek;1;"Tomek K. (14:00-21:00)";7,00;tak;794;794;0,00;319;0;0,00;475;40,2;0,0;113,43;16;32;
16.04.2026;czwartek;2026;4;Oświęcim;1;"Sebastian M. (12:00-21:30)";9,50;tak;1644;1644;0,00;814;0;0,00;830;49,5;0,0;173,05;23;27;
17.04.2026;piątek;2026;4;Osiek;1;"Tomek K. (12:00-21:00)";9,00;tak;829;829;0,00;631;0;0,00;198;76,1;0,0;92,11;14;17;
17.04.2026;piątek;2026;4;Oświęcim;1;"Kacper J. (12:00-21:00)";9,00;tak;1333;1333;0,00;954;0;0,00;379;71,6;0,0;148,11;23;42;
18.04.2026;sobota;2026;4;Osiek;1;"Radek K. (12:30-21:30)";9,00;tak;2697;2697;0,00;1757;0;0,00;940;65,2;0,0;299,67;17;32;
18.04.2026;sobota;2026;4;Oświęcim;2;"Kacper J. (12:00-21:00) | Natalia D. (14:00-21:00)";16,00;tak;2050;2050;0,00;1313;0;0,00;737;64,0;0,0;128,13;24;32;
19.04.2026;niedziela;2026;4;Osiek;2;"Sebastian M. (14:00-21:00) | Kacper J. (14:00-21:00)";14,00;tak;2374;2374;0,00;1483;0;0,00;891;62,5;0,0;169,57;29;41;
19.04.2026;niedziela;2026;4;Oświęcim;2;"Paweł K. (14:00-21:00) | Natalia D. (14:00-21:00)";14,00;tak;1785;1785;0,00;1276;0;0,00;509;71,5;0,0;127,50;14;23;
20.04.2026;poniedziałek;2026;4;Osiek;1;"Radek K. (14:00-21:00)";7,00;tak;625;625;0,00;395;0;0,00;230;63,2;0,0;89,29;7;33;
20.04.2026;poniedziałek;2026;4;Oświęcim;1;"Sebastian M. (12:00-20:00)";8,00;tak;269;269;0,00;124;0;0,00;145;46,1;0,0;33,63;4;4;
21.04.2026;wtorek;2026;4;Osiek;1;"Tomek K. (14:00-21:00)";7,00;tak;892;892;0,00;613;0;0,00;279;68,7;0,0;127,43;19;27;
21.04.2026;wtorek;2026;4;Oświęcim;1;"Sebastian M. (12:00-21:30)";9,50;tak;1176;1176;0,00;923;0;0,00;253;78,5;0,0;123,79;20;26;
22.04.2026;środa;2026;4;Osiek;1;"Tomek K. (14:00-21:00)";7,00;tak;642;642;0,00;328;0;0,00;314;51,1;0,0;91,71;16;45;
22.04.2026;środa;2026;4;Oświęcim;1;"Kacper J. (12:00-21:00)";9,00;tak;930;930;0,00;380;0;0,00;550;40,9;0,0;103,33;20;40;
23.04.2026;czwartek;2026;4;Osiek;1;"Tomek K. (14:00-21:00)";7,00;tak;603;603;0,00;446;0;0,00;157;74,0;0,0;86,14;18;29;
23.04.2026;czwartek;2026;4;Oświęcim;1;"Kacper J. (12:00-21:00)";9,00;tak;968;949,4;18,60;593;62;43,40;313;61,3;6,4;105,49;24;28;
24.04.2026;piątek;2026;4;Osiek;1;"Tomek K. (14:00-21:00)";7,00;tak;1345;1345;0,00;1039;0;0,00;306;77,3;0,0;192,14;19;34;
24.04.2026;piątek;2026;4;Oświęcim;1;"Sebastian M. (12:00-21:30)";9,50;tak;858;840,6;17,40;596;58;40,60;204;69,5;6,8;88,48;20;56;
25.04.2026;sobota;2026;4;Osiek;2;"Radek K. (12:00-21:30) | Tomek K. (12:00-21:30)";19,00;tak;2055;2055;0,00;1572;0;0,00;483;76,5;0,0;108,16;17;28;
25.04.2026;sobota;2026;4;Oświęcim;2;"Sebastian M. (12:00-21:30) | Kacper J. (14:00-21:30)";17,00;tak;1749;1718,4;30,60;1345;102;71,40;302;76,9;5,8;101,08;18;26;
26.04.2026;niedziela;2026;4;Osiek;2;"Sebastian M. (14:00-21:30) | Natalia D. (14:00-21:30)";15,00;tak;1870;1870;0,00;1870;0;0,00;0;100,0;0,0;124,67;20;27;
26.04.2026;niedziela;2026;4;Oświęcim;1;"Paweł K. (14:00-21:00)";7,00;tak;1557;1491,6;65,40;937;218;152,60;402;60,2;14,0;213,09;11;33;
27.04.2026;poniedziałek;2026;4;Osiek;1;"Tomek K. (14:00-21:00)";7,00;tak;330;330;0,00;108;0;0,00;222;32,7;0,0;47,14;10;32;
27.04.2026;poniedziałek;2026;4;Oświęcim;1;"Sebastian M. (12:00-18:30)";6,50;tak;70;70;0,00;70;0;0,00;0;100,0;0,0;10,77;4;4;
28.04.2026;wtorek;2026;4;Osiek;1;"Tomek K. (14:00-21:00)";7,00;tak;649;649;0,00;598;0;0,00;51;92,1;0,0;92,71;8;25;
28.04.2026;wtorek;2026;4;Oświęcim;1;"Kacper J. (12:00-20:00)";8,00;tak;1105;1105;0,00;888;0;0,00;217;80,4;0,0;138,13;14;19;
29.04.2026;środa;2026;4;Osiek;1;"Tomek K. (14:00-21:00)";7,00;tak;954;954;0,00;434;0;0,00;520;45,5;0,0;136,29;17;35;
29.04.2026;środa;2026;4;Oświęcim;1;"Sebastian M. (12:00-21:30)";9,50;tak;931;853,6;77,40;469;258;180,60;204;50,4;27,7;89,85;27;54;
30.04.2026;czwartek;2026;4;Osiek;1;"Tomek K. (14:00-17:30)";3,50;tak;70;70;0,00;0;0;0,00;70;0,0;0,0;20,00;2;2;
01.05.2026;piątek;2026;5;Osiek;1;"Tomek K. (12:00-21:00)";9,00;tak;2156;2156;0,00;1554;0;0,00;602;72,1;0,0;239,56;20;34;
01.05.2026;piątek;2026;5;Oświęcim;1;"Sebastian M. (12:00-21:30)";9,50;tak;1047;1017,3;29,70;763;99;69,30;185;72,9;9,5;107,08;25;66;
02.05.2026;sobota;2026;5;Osiek;2;"Sebastian M. (12:00-21:30) | Kacper J. (12:00-21:30)";19,00;tak;2354;2354;0,00;1374;0;0,00;980;58,4;0,0;123,89;33;50;
02.05.2026;sobota;2026;5;Oświęcim;1;"Paweł K. (12:00-21:00)";9,00;tak;1005;1005;0,00;649;0;0,00;356;64,6;0,0;111,67;2;33;
03.05.2026;niedziela;2026;5;Osiek;2;"Sebastian M. (14:00-21:00) | Kacper J. (14:00-21:00)";14,00;tak;1795;1795;0,00;880;0;0,00;915;49,0;0,0;128,21;29;58;
04.05.2026;poniedziałek;2026;5;Osiek;1;"Paweł K. (14:00-20:30)";6,50;tak;786;786;0,00;419;0;0,00;367;53,3;0,0;120,92;10;11;
04.05.2026;poniedziałek;2026;5;Oświęcim;1;"Tomek K. (12:00-21:00)";9,00;tak;1388;1355,3;32,70;1214;109;76,30;65;87,5;7,8;150,59;18;34;
05.05.2026;wtorek;2026;5;Osiek;1;"Tomek K. (14:00-21:00)";7,00;tak;650;650;0,00;447;0;0,00;203;68,8;0,0;92,86;10;53;
05.05.2026;wtorek;2026;5;Oświęcim;1;"Radek K. (12:00-21:00)";9,00;tak;909;894;15,00;511;50;35,00;348;56,2;5,5;99,33;9;29;
06.05.2026;środa;2026;5;Osiek;1;"Tomek K. (14:00-21:00)";7,00;tak;946;946;0,00;512;0;0,00;434;54,1;0,0;135,14;12;31;
06.05.2026;środa;2026;5;Oświęcim;1;"Sebastian M. (12:00-21:00)";9,00;tak;615;526,5;88,50;161;295;206,50;159;26,2;48,0;58,50;6;48;
07.05.2026;czwartek;2026;5;Osiek;1;"Tomek K. (14:00-21:00)";7,00;tak;487;487;0,00;253;0;0,00;234;52,0;0,0;69,57;16;33;
07.05.2026;czwartek;2026;5;Oświęcim;1;"Sebastian M. (12:00-21:30)";9,50;tak;888;860,7;27,30;0;91;63,70;797;0,0;10,3;90,60;16;31;
08.05.2026;piątek;2026;5;Osiek;1;"Tomek K. (12:00-21:00)";9,00;tak;883;883;0,00;458;0;0,00;425;51,9;0,0;98,11;15;53;
08.05.2026;piątek;2026;5;Oświęcim;1;"Sebastian M. (12:00-21:00)";9,00;tak;1761;1728,6;32,40;876;108;75,60;777;49,7;6,1;192,07;31;41;
09.05.2026;sobota;2026;5;Osiek;1;"Tomek K. (12:00-18:00)";6,00;tak;723;723;0,00;511;0;0,00;212;70,7;0,0;120,50;12;15;
09.05.2026;sobota;2026;5;Oświęcim;2;"Kacper J. (12:00-18:00) | Natalia D. (14:00-22:00)";14,00;tak;1938;1902,3;35,70;0;119;83,30;1819;0,0;6,1;135,88;18;29;
10.05.2026;niedziela;2026;5;Osiek;1;"Natalia D. (14:00-21:30)";7,50;tak;2569;2569;0,00;0;0;0,00;2569;0,0;0,0;342,53;23;56;
11.05.2026;poniedziałek;2026;5;Osiek;1;"Paweł K. (14:00-20:30)";6,50;tak;1007;1007;0,00;679;0;0,00;328;67,4;0,0;154,92;6;16;
11.05.2026;poniedziałek;2026;5;Oświęcim;1;"Sebastian M. (12:00-21:00)";9,00;tak;981;950,1;30,90;612;103;72,10;266;62,4;10,5;105,57;23;29;
12.05.2026;wtorek;2026;5;Osiek;1;"Tomek K. (14:00-21:00)";7,00;tak;550;550;0,00;488;0;0,00;62;88,7;0,0;78,57;12;35;
12.05.2026;wtorek;2026;5;Oświęcim;1;"Kacper J. (12:00-19:00)";7,00;tak;293;293;0,00;230;0;0,00;63;78,5;0,0;41,86;8;37;
13.05.2026;środa;2026;5;Osiek;1;"Tomek K. (14:00-21:00)";7,00;tak;707;707;0,00;452;0;0,00;255;63,9;0,0;101,00;13;30;
13.05.2026;środa;2026;5;Oświęcim;1;"Kacper J. (12:00-21:00)";9,00;tak;769;708,1;60,90;396;203;142,10;170;51,5;26,4;78,68;10;22;
14.05.2026;czwartek;2026;5;Osiek;1;"Tomek K. (14:00-21:00)";7,00;tak;618;618;0,00;347;0;0,00;271;56,1;0,0;88,29;20;38;
14.05.2026;czwartek;2026;5;Oświęcim;1;"Paweł K. (12:00-19:30)";7,50;tak;1297;1258;39,00;1033;130;91,00;134;79,7;10,0;167,73;11;13;
15.05.2026;piątek;2026;5;Osiek;1;"Tomek K. (12:00-21:00)";9,00;tak;1530;1530;0,00;1007;0;0,00;523;65,8;0,0;170,00;18;24;
15.05.2026;piątek;2026;5;Oświęcim;1;"Sebastian M. (12:00-21:30)";9,50;tak;1201;1200,1;0,90;720;3;2,10;478;60,0;0,3;126,33;22;47;
16.05.2026;sobota;2026;5;Osiek;1;"Radek K. (12:00-21:00)";9,00;tak;1649;1649;0,00;1136;0;0,00;513;68,9;0,0;183,22;11;20;
16.05.2026;sobota;2026;5;Oświęcim;1;"Sebastian M. (12:00-21:30)";9,50;tak;1659;1659;0,00;1195;0;0,00;464;72,0;0,0;174,63;26;44;
17.05.2026;niedziela;2026;5;Osiek;2;"Sebastian M. (14:00-21:00) | Kacper J. (14:00-21:00)";14,00;tak;1436;1436;0,00;612;0;0,00;824;42,6;0,0;102,57;22;45;
17.05.2026;niedziela;2026;5;Oświęcim;1;"Natalia D. (14:00-21:30)";7,50;tak;1146;1025,1;120,90;333;403;282,10;410;29,1;35,2;136,68;20;28;
18.05.2026;poniedziałek;2026;5;Oświęcim;1;"Kacper J. (12:00-21:00)";9,00;tak;782;721,1;60,90;344;203;142,10;235;44,0;26,0;80,12;15;20;
19.05.2026;wtorek;2026;5;Osiek;1;"Paweł K. (14:00-20:30)";6,50;tak;982;982;0,00;765;0;0,00;217;77,9;0,0;151,08;10;12;
19.05.2026;wtorek;2026;5;Oświęcim;1;"Tomek K. (12:00-21:30)";9,50;tak;940;904;36,00;680;120;84,00;140;72,3;12,8;95,16;19;31;
20.05.2026;środa;2026;5;Osiek;1;"Tomek K. (14:00-21:00)";7,00;tak;911;911;0,00;655;0;0,00;256;71,9;0,0;130,14;18;44;
20.05.2026;środa;2026;5;Oświęcim;1;"Sebastian M. (12:00-21:00)";9,00;tak;767;767;0,00;676;0;0,00;91;88,1;0,0;85,22;21;41;
21.05.2026;czwartek;2026;5;Osiek;1;"Tomek K. (12:00-21:00)";9,00;tak;1206;1206;0,00;961;0;0,00;245;79,7;0,0;134,00;20;29;
21.05.2026;czwartek;2026;5;Oświęcim;1;"Kacper J. (12:00-20:00)";8,00;tak;1141;1126;15,00;728;50;35,00;363;63,8;4,4;140,75;18;19;
22.05.2026;piątek;2026;5;Osiek;1;"Tomek K. (12:00-21:00)";9,00;tak;1186;1186;0,00;987;0;0,00;199;83,2;0,0;131,78;23;42;
22.05.2026;piątek;2026;5;Oświęcim;1;"Sebastian M. (12:00-21:30)";9,50;tak;1583;1583;0,00;948;0;0,00;635;59,9;0,0;166,63;26;35;
23.05.2026;sobota;2026;5;Osiek;1;"Tomek K. (12:00-21:30)";9,50;tak;1910;1910;0,00;1121;0;0,00;789;58,7;0,0;201,05;24;43;
23.05.2026;sobota;2026;5;Oświęcim;1;"Sebastian M. (12:00-21:30)";9,50;tak;1074;1047,9;26,10;757;87;60,90;230;70,5;8,1;110,31;29;54;
24.05.2026;niedziela;2026;5;Osiek;2;"Sebastian M. (14:00-21:00) | Kacper J. (14:00-21:00)";14,00;tak;1940;1940;0,00;1006;0;0,00;934;51,9;0,0;138,57;34;46;
24.05.2026;niedziela;2026;5;Oświęcim;1;"Paweł K. (14:00-20:00)";6,00;tak;583;583;0,00;474;0;0,00;109;81,3;0,0;97,17;4;28;
25.05.2026;poniedziałek;2026;5;Osiek;1;"Paweł K. (14:00-20:30)";6,50;tak;963;963;0,00;725;0;0,00;238;75,3;0,0;148,15;9;17;
25.05.2026;poniedziałek;2026;5;Oświęcim;1;"Kacper J. (12:00-21:00)";9,00;tak;968;968;0,00;650;0;0,00;318;67,2;0,0;107,56;14;31;
26.05.2026;wtorek;2026;5;Osiek;1;"Tomek K. (14:00-21:00)";7,00;tak;710;710;0,00;617;0;0,00;93;86,9;0,0;101,43;15;32;
26.05.2026;wtorek;2026;5;Oświęcim;1;"Paweł K. (12:00-21:00)";9,00;tak;1057;1023,4;33,60;587;112;78,40;358;55,5;10,6;113,71;5;5;
27.05.2026;środa;2026;5;Osiek;1;"Tomek K. (14:00-20:30)";6,50;tak;1024;1024;0,00;662;0;0,00;362;64,7;0,0;157,54;15;24;
27.05.2026;środa;2026;5;Oświęcim;1;"Paweł K. (12:00-21:00)";9,00;tak;1102;1077,1;24,90;783;83;58,10;236;71,0;7,5;119,68;11;21;
28.05.2026;czwartek;2026;5;Osiek;1;"Tomek K. (14:00-21:00)";7,00;tak;760;760;0,00;614;0;0,00;146;80,8;0,0;108,57;19;31;
28.05.2026;czwartek;2026;5;Oświęcim;1;"Paweł K. (12:00-21:00)";9,00;tak;1481;1459,4;21,60;720;72;50,40;689;48,6;4,9;162,16;11;20;
29.05.2026;piątek;2026;5;Osiek;1;"Tomek K. (12:00-21:00)";9,00;tak;907;907;0,00;584;0;0,00;323;64,4;0,0;100,78;21;64;
29.05.2026;piątek;2026;5;Oświęcim;1;"Sebastian M. (12:00-21:00)";9,00;tak;845;787,4;57,60;440;192;134,40;213;52,1;22,7;87,49;19;23;
30.05.2026;sobota;2026;5;Osiek;2;"Sebastian M. (12:00-21:00) | Kacper J. (12:00-21:00)";18,00;tak;1769;1769;0,00;794;0;0,00;975;44,9;0,0;98,28;20;26;
30.05.2026;sobota;2026;5;Oświęcim;1;"Natalia D. (12:00-20:30)";8,50;tak;949;898;51,00;489;170;119,00;290;51,5;17,9;105,65;15;29;
31.05.2026;niedziela;2026;5;Osiek;2;"Sebastian M. (14:00-21:00) | Kacper J. (14:00-21:00)";14,00;tak;1887;1887;0,00;1150;0;0,00;737;60,9;0,0;134,79;17;24;
31.05.2026;niedziela;2026;5;Oświęcim;1;"Natalia D. (14:00-20:30)";6,50;tak;1274;1228,1;45,90;675;153;107,10;446;53,0;12,0;188,94;15;18;
01.06.2026;poniedziałek;2026;6;Osiek;1;"Sebastian M. (14:00-19:00)";5,00;tak;182;182;0,00;182;0;0,00;0;100,0;0,0;36,40;2;3;
01.06.2026;poniedziałek;2026;6;Oświęcim;1;"Kacper J. (12:00-20:30)";8,50;tak;823;774,4;48,60;473;162;113,40;188;57,5;19,7;91,11;11;39;
02.06.2026;wtorek;2026;6;Osiek;1;"Sebastian M. (14:00-20:30)";6,50;tak;760;760;0,00;605;0;0,00;155;79,6;0,0;116,92;14;39;
02.06.2026;wtorek;2026;6;Oświęcim;1;"Kacper J. (12:00-20:30)";8,50;tak;680;667,7;12,30;511;41;28,70;128;75,2;6,0;78,55;10;34;
03.06.2026;środa;2026;6;Osiek;1;"Sebastian M. (14:00-20:30)";6,50;tak;861;861;0,00;580;0;0,00;281;67,4;0,0;132,46;9;25;
03.06.2026;środa;2026;6;Oświęcim;1;"Kacper J. (12:00-21:00)";9,00;tak;661;630,7;30,30;443;101;70,70;117;67,0;15,3;70,08;18;37;
04.06.2026;czwartek;2026;6;Osiek;1;"Sebastian M. (14:00-21:00)";7,00;tak;1501;1501;0,00;968;0;0,00;533;64,5;0,0;214,43;20;25;
04.06.2026;czwartek;2026;6;Oświęcim;1;"Kacper J. (12:00-21:00)";9,00;tak;1181;1181;0,00;669;0;0,00;512;56,6;0,0;131,22;17;28;
05.06.2026;piątek;2026;6;Osiek;1;"Sebastian M. (12:00-21:30)";9,50;tak;1635;1635;0,00;844;0;0,00;791;51,6;0,0;172,11;16;24;
05.06.2026;piątek;2026;6;Oświęcim;1;"Kacper J. (12:00-21:00)";9,00;tak;1103;1088;15,00;788;50;35,00;265;71,4;4,5;120,89;16;35;
06.06.2026;sobota;2026;6;Osiek;2;"Radek K. (14:00-21:00) | Tomek K. (12:00-21:00)";16,00;tak;1812;1812;0,00;1138;0;0,00;674;62,8;0,0;113,25;15;26;
06.06.2026;sobota;2026;6;Oświęcim;2;"Natalia D. (12:00-21:00) | Tymur (14:00-21:00)";16,00;tak;1470;1371,9;98,10;684;327;228,90;459;46,5;22,2;85,74;12;16;
07.06.2026;niedziela;2026;6;Osiek;2;"Radek K. (14:00-21:00) | Tomek K. (14:00-21:00)";14,00;tak;1501;1501;0,00;845;0;0,00;656;56,3;0,0;107,21;15;29;
07.06.2026;niedziela;2026;6;Oświęcim;2;"Natalia D. (14:00-21:30) | Tymur (14:00-21:30)";15,00;tak;1138;1104,1;33,90;710;113;79,10;315;62,4;9,9;73,61;17;34;
08.06.2026;poniedziałek;2026;6;Osiek;1;"Paweł K. (14:00-20:30)";6,50;tak;543;543;0,00;340;0;0,00;203;62,6;0,0;83,54;6;24;
08.06.2026;poniedziałek;2026;6;Oświęcim;1;"Kacper J. (12:00-21:00)";9,00;tak;908;863,3;44,70;457;149;104,30;302;50,3;16,4;95,92;15;27;
09.06.2026;wtorek;2026;6;Osiek;1;"Paweł K. (14:00-18:30)";4,50;tak;234;234;0,00;0;0;0,00;234;0,0;0,0;52,00;0;0;
09.06.2026;wtorek;2026;6;Oświęcim;1;"Sebastian M. (12:00-21:30)";9,50;tak;1023;1008;15,00;792;50;35,00;181;77,4;4,9;106,11;18;35;
10.06.2026;środa;2026;6;Osiek;1;"Paweł K. (14:00-20:00)";6,00;tak;1035;1035;0,00;1035;0;0,00;0;100,0;0,0;172,50;9;13;
10.06.2026;środa;2026;6;Oświęcim;1;"Sebastian M. (12:00-17:30)";5,50;tak;42;42;0,00;42;0;0,00;0;100,0;0,0;7,64;2;26;
11.06.2026;czwartek;2026;6;Osiek;1;"Tomek K. (14:00-21:00)";7,00;tak;1033;1033;0,00;816;0;0,00;217;79,0;0,0;147,57;18;49;
11.06.2026;czwartek;2026;6;Oświęcim;1;"Kacper J. (12:00-20:30)";8,50;tak;911;898,1;12,90;789;43;30,10;79;86,6;4,7;105,66;14;19;
12.06.2026;piątek;2026;6;Osiek;1;"Paweł K. (12:00-21:30)";9,50;tak;862;862;0,00;660;0;0,00;202;76,6;0,0;90,74;12;14;
12.06.2026;piątek;2026;6;Oświęcim;1;"Sebastian M. (12:00-21:30)";9,50;tak;1290;1176,6;113,40;702;378;264,60;210;54,4;29,3;123,85;12;22;
13.06.2026;sobota;2026;6;Osiek;2;"Radek K. (14:00-21:00) | Tomek K. (12:00-21:00)";16,00;tak;2060;2060;0,00;1344;0;0,00;716;65,2;0,0;128,75;16;24;
13.06.2026;sobota;2026;6;Oświęcim;2;"Sebastian M. (12:00-18:30) | Kacper J. (14:00-21:00)";13,50;tak;1365;1322,1;42,90;993;143;100,10;229;72,8;10,5;97,93;17;30;
14.06.2026;niedziela;2026;6;Osiek;2;"Sebastian M. (14:00-20:30) | Kacper J. (14:00-20:30)";13,00;tak;1732;1732;0,00;1402;0;0,00;330;81,0;0,0;133,23;31;38;
14.06.2026;niedziela;2026;6;Oświęcim;1;"Paweł K. (14:00-21:00)";7,00;tak;1919;1849,1;69,90;1363;233;163,10;323;71,0;12,1;264,16;6;8;
15.06.2026;poniedziałek;2026;6;Osiek;1;"Paweł K. (14:00-20:30)";6,50;tak;674;674;0,00;482;0;0,00;192;71,5;0,0;103,69;6;19;
15.06.2026;poniedziałek;2026;6;Oświęcim;1;"Tomek K. (12:00-21:00)";9,00;tak;661;616,9;44,10;391;147;102,90;123;59,1;22,2;68,54;18;35;
16.06.2026;wtorek;2026;6;Osiek;1;"Tomek K. (14:00-21:00)";7,00;tak;785;785;0,00;336;0;0,00;449;42,8;0,0;112,14;14;22;
16.06.2026;wtorek;2026;6;Oświęcim;1;"Kacper J. (12:00-18:30)";6,50;tak;187;140,5;46,50;32;155;108,50;0;17,1;82,9;21,62;4;28;
17.06.2026;środa;2026;6;Osiek;1;"Tomek K. (14:00-21:00)";7,00;tak;989;989;0,00;516;0;0,00;473;52,2;0,0;141,29;17;29;
17.06.2026;środa;2026;6;Oświęcim;1;"Sebastian M. (12:00-21:30)";9,50;tak;854;832,4;21,60;625;72;50,40;157;73,2;8,4;87,62;15;20;
18.06.2026;czwartek;2026;6;Osiek;1;"Tomek K. (14:00-21:00)";7,00;tak;659;659;0,00;383;0;0,00;276;58,1;0,0;94,14;14;29;
18.06.2026;czwartek;2026;6;Oświęcim;1;"Kacper J. (12:00-20:00)";8,00;tak;1410;1389,9;20,10;828;67;46,90;515;58,7;4,8;173,74;18;20;
19.06.2026;piątek;2026;6;Osiek;1;"Tomek K. (12:00-20:00)";8,00;tak;1106;1106;0,00;770;0;0,00;336;69,6;0,0;138,25;13;34;
19.06.2026;piątek;2026;6;Oświęcim;1;"Sebastian M. (12:00-21:00)";9,00;tak;667;652;15,00;664;50;35,00;0;99,5;7,5;72,44;16;38;
20.06.2026;sobota;2026;6;Osiek;2;"Radek K. (14:00-20:30) | Tomek K. (12:00-20:30)";15,00;tak;1672;1672;0,00;956;0;0,00;716;57,2;0,0;111,47;19;29;
20.06.2026;sobota;2026;6;Oświęcim;2;"Sebastian M. (12:00-20:00) | Natalia D. (14:00-20:00)";14,00;tak;956;926,3;29,70;648;99;69,30;209;67,8;10,4;66,16;11;24;
21.06.2026;niedziela;2026;6;Osiek;2;"Sebastian M. (14:00-21:00) | Kacper J. (14:00-21:00)";14,00;tak;1643;1643;0,00;1234;0;0,00;409;75,1;0,0;117,36;19;21;
21.06.2026;niedziela;2026;6;Oświęcim;1;"Natalia D. (14:00-21:30)";7,50;tak;1018;947,8;70,20;680;234;163,80;104;66,8;23,0;126,37;20;26;
22.06.2026;poniedziałek;2026;6;Osiek;1;"Tomek K. (14:00-21:00)";7,00;tak;1047;1047;0,00;544;0;0,00;503;52,0;0,0;149,57;16;32;
22.06.2026;poniedziałek;2026;6;Oświęcim;1;"Kacper J. (12:00-21:00)";9,00;tak;577;481;96,00;116;320;224,00;141;20,1;55,5;53,44;18;47;
23.06.2026;wtorek;2026;6;Osiek;1;"Tomek K. (14:00-21:00)";7,00;tak;701;701;0,00;258;0;0,00;443;36,8;0,0;100,14;13;28;
23.06.2026;wtorek;2026;6;Oświęcim;1;"Sebastian M. (12:00-21:00)";9,00;tak;911;911;0,00;669;0;0,00;242;73,4;0,0;101,22;25;43;
24.06.2026;środa;2026;6;Osiek;1;"Tomek K. (14:00-21:00)";7,00;tak;1236;1236;0,00;796;0;0,00;440;64,4;0,0;176,57;15;30;
24.06.2026;środa;2026;6;Oświęcim;1;"Kacper J. (12:00-20:00)";8,00;tak;763;729,7;33,30;404;111;77,70;248;53,0;14,6;91,21;13;18;
25.06.2026;czwartek;2026;6;Osiek;1;"Tomek K. (14:00-20:30)";6,50;tak;1280;1280;0,00;824;0;0,00;456;64,4;0,0;196,92;11;15;
25.06.2026;czwartek;2026;6;Oświęcim;1;"Kacper J. (12:00-21:00)";9,00;tak;1015;1015;0,00;659;0;0,00;356;64,9;0,0;112,78;16;25;
26.06.2026;piątek;2026;6;Osiek;1;"Tomek K. (12:00-21:00)";9,00;tak;1356;1356;0,00;814;0;0,00;542;60,0;0,0;150,67;12;28;
26.06.2026;piątek;2026;6;Oświęcim;1;"Sebastian M. (12:00-21:30)";9,50;tak;1459;1383,1;75,90;919;253;177,10;287;63,0;17,3;145,59;22;33;
27.06.2026;sobota;2026;6;Osiek;2;"Sebastian M. (12:00-20:30) | Kacper J. (12:00-20:30)";17,00;tak;1056;1056;0,00;362;0;0,00;694;34,3;0,0;62,12;16;42;
27.06.2026;sobota;2026;6;Oświęcim;1;"Natalia D. (14:00-21:00)";7,00;tak;1178;1103,9;74,10;610;247;172,90;321;51,8;21,0;157,70;13;27;
30.06.2026;wtorek;2026;6;Osiek;1;"Tomek K. (14:00-21:00)";7,00;tak;535;535;0,00;256;0;0,00;279;47,9;0,0;76,43;5;33;
30.06.2026;wtorek;2026;6;Oświęcim;1;"Sebastian M. (12:00-21:00)";9,00;tak;507;477;30,00;404;100;70,00;3;79,7;19,7;53,00;10;11;
01.07.2026;środa;2026;7;Osiek;1;"Sebastian M. (12:00-21:00)";9,00;tak;600;600;0,00;177;0;0,00;423;29,5;0,0;66,67;5;6;
01.07.2026;środa;2026;7;Oświęcim;1;"Paweł K. (12:00-20:30)";8,50;tak;1143;1058,1;84,90;434;283;198,10;426;38,0;24,8;124,48;7;10;
02.07.2026;czwartek;2026;7;Osiek;1;"Tomek K. (14:00-20:00)";6,00;tak;309;309;0,00;120;0;0,00;189;38,8;0,0;51,50;8;28;
02.07.2026;czwartek;2026;7;Oświęcim;1;"Sebastian M. (12:00-20:30)";8,50;tak;503;503;0,00;366;0;0,00;137;72,8;0,0;59,18;16;36;
03.07.2026;piątek;2026;7;Osiek;1;"Tomek K. (14:00-21:00)";7,00;tak;1107;1107;0,00;999;0;0,00;108;90,2;0,0;158,14;14;17;
03.07.2026;piątek;2026;7;Oświęcim;1;"Sebastian M. (12:00-21:00)";9,00;tak;1731;1731;0,00;1290;0;0,00;441;74,5;0,0;192,33;26;32;
04.07.2026;sobota;2026;7;Osiek;2;"Sebastian M. (14:00-21:00) | Tomek K. (12:00-21:00)";16,00;tak;1816;1816;0,00;923;0;0,00;893;50,8;0,0;113,50;13;34;
04.07.2026;sobota;2026;7;Oświęcim;1;"Kacper J. (12:00-21:30)";9,50;tak;2045;1919,9;125,10;1075;417;291,90;553;52,6;20,4;202,09;16;39;
05.07.2026;niedziela;2026;7;Osiek;2;"Sebastian M. (14:00-21:30) | Kacper J. (14:00-21:30)";15,00;tak;1901;1901;0,00;816;0;0,00;1085;42,9;0,0;126,73;20;32;
05.07.2026;niedziela;2026;7;Oświęcim;1;"Paweł K. (14:00-21:30)";7,50;tak;1263;1175,4;87,60;419;292;204,40;552;33,2;23,1;156,72;7;11;
06.07.2026;poniedziałek;2026;7;Osiek;1;"Tomek K. (14:00-18:00)";4,00;tak;236;236;0,00;170;0;0,00;66;72,0;0,0;59,00;7;25;
06.07.2026;poniedziałek;2026;7;Oświęcim;1;"Kacper J. (12:00-21:00)";9,00;tak;712;712;0,00;655;0;0,00;57;92,0;0,0;79,11;13;38;
07.07.2026;wtorek;2026;7;Osiek;1;"Tomek K. (14:00-21:00)";7,00;tak;751;751;0,00;450;0;0,00;301;59,9;0,0;107,29;11;24;
07.07.2026;wtorek;2026;7;Oświęcim;1;"Sebastian M. (12:00-21:30)";9,50;tak;1234;1219;15,00;795;50;35,00;389;64,4;4,0;128,32;23;28;
08.07.2026;środa;2026;7;Osiek;1;"Tomek K. (14:00-20:00)";6,00;tak;1084;1084;0,00;624;0;0,00;460;57,6;0,0;180,67;13;15;
08.07.2026;środa;2026;7;Oświęcim;1;"Sebastian M. (12:00-21:30)";9,50;tak;1210;1127,8;82,20;646;274;191,80;290;53,4;22,6;118,72;18;25;
09.07.2026;czwartek;2026;7;Osiek;1;"Tomek K. (14:00-21:00)";7,00;tak;647;647;0,00;529;0;0,00;118;81,8;0,0;92,43;14;41;
09.07.2026;czwartek;2026;7;Oświęcim;1;"Sebastian M. (12:00-21:30)";9,50;tak;984;950,1;33,90;520;113;79,10;351;52,9;11,5;100,01;21;45;
10.07.2026;piątek;2026;7;Osiek;1;"Tomek K. (12:00-21:00)";9,00;tak;1177;1177;0,00;1031;0;0,00;146;87,6;0,0;130,78;14;32;
10.07.2026;piątek;2026;7;Oświęcim;1;"Kacper J. (12:00-20:30)";8,50;tak;1276;1224,4;51,60;906;172;120,40;198;71,0;13,5;144,05;20;37;
11.07.2026;sobota;2026;7;Osiek;1;"Tomek K. (12:00-21:00)";9,00;tak;1261;1261;0,00;978;0;0,00;283;77,6;0,0;140,11;14;31;
11.07.2026;sobota;2026;7;Oświęcim;1;"Paweł K. (12:00-21:00)";9,00;tak;1709;1709;0,00;1608;0;0,00;101;94,1;0,0;189,89;14;16;
12.07.2026;niedziela;2026;7;Osiek;1;"Paweł K. (14:00-21:00)";7,00;tak;1785;1785;0,00;1108;0;0,00;677;62,1;0,0;255,00;16;20;
12.07.2026;niedziela;2026;7;Oświęcim;1;"Kacper J. (14:00-21:30)";7,50;tak;1620;1584,6;35,40;1159;118;82,60;343;71,5;7,3;211,28;21;27;
13.07.2026;poniedziałek;2026;7;Osiek;1;"Tomek K. (14:00-21:00)";7,00;tak;632;632;0,00;538;0;0,00;94;85,1;0,0;90,29;7;22;
13.07.2026;poniedziałek;2026;7;Oświęcim;1;"Kacper J. (12:00-21:30)";9,50;tak;1201;1087,3;113,70;559;379;265,30;263;46,5;31,6;114,45;12;12;
14.07.2026;wtorek;2026;7;Osiek;1;"Kacper J. (12:00-21:00)";9,00;tak;843;827,4;15,60;628;52;36,40;163;74,5;6,2;91,93;11;27;
14.07.2026;wtorek;2026;7;Oświęcim;1;"Paweł K. (14:00-20:30)";6,50;tak;1233;1233;0,00;927;0;0,00;306;75,2;0,0;189,69;11;15;
15.07.2026;środa;2026;7;Osiek;1;"Paweł K. (14:00-19:30)";5,50;tak;522;522;0,00;361;0;0,00;161;69,2;0,0;94,91;7;30;
15.07.2026;środa;2026;7;Oświęcim;1;"Kacper J. (12:00-19:00)";7,00;tak;310;295;15,00;223;50;35,00;37;71,9;16,1;42,14;11;32;
16.07.2026;czwartek;2026;7;Osiek;1;"Tomek K. (14:00-20:30)";6,50;tak;1140;1140;0,00;1041;0;0,00;99;91,3;0,0;175,38;12;16;
16.07.2026;czwartek;2026;7;Oświęcim;1;"Paweł K. (12:00-21:00)";9,00;tak;935;908,6;26,40;331;88;61,60;516;35,4;9,4;100,96;9;10;
17.07.2026;piątek;2026;7;Osiek;1;"Tomek K. (12:00-21:00)";9,00;tak;1596;1596;0,00;1003;0;0,00;593;62,8;0,0;177,33;14;27;
17.07.2026;piątek;2026;7;Oświęcim;1;"Kacper J. (12:00-21:30)";9,50;tak;1335;1320;15,00;1121;50;35,00;164;84,0;3,8;138,95;16;26;
18.07.2026;sobota;2026;7;Osiek;1;"Tomek K. (12:00-21:30)";9,50;tak;1894;1894;0,00;1216;0;0,00;678;64,2;0,0;199,37;16;23;
18.07.2026;sobota;2026;7;Oświęcim;1;"Paweł K. (12:00-20:30)";8,50;tak;1434;1374;60,00;971;200;140,00;263;67,7;13,9;161,65;10;12;
19.07.2026;niedziela;2026;7;Osiek;1;"Paweł K. (14:00-21:30)";7,50;tak;1668;1668;0,00;715;0;0,00;953;42,9;0,0;222,40;8;51;
19.07.2026;niedziela;2026;7;Oświęcim;1;"Kacper J. (14:00-21:30)";7,50;tak;1373;1304,6;68,40;928;228;159,60;217;67,6;16,6;173,95;16;33;
20.07.2026;poniedziałek;2026;7;Osiek;1;"Paweł K. (14:00-21:00)";7,00;tak;1354;1354;0,00;1118;0;0,00;236;82,6;0,0;193,43;11;43;
20.07.2026;poniedziałek;2026;7;Oświęcim;1;"Kacper J. (12:00-21:30)";9,50;tak;989;962,6;26,40;423;88;61,60;478;42,8;8,9;101,33;14;24;
21.07.2026;wtorek;2026;7;Osiek;1;"Tomek K. (14:00-21:00)";7,00;tak;876;876;0,00;552;0;0,00;324;63,0;0,0;125,14;12;37;
21.07.2026;wtorek;2026;7;Oświęcim;1;"Paweł K. (12:00-20:30)";8,50;tak;1475;1417,4;57,60;786;192;134,40;497;53,3;13,0;166,75;10;64;
22.07.2026;środa;2026;7;Osiek;1;"Tomek K. (14:00-21:00)";7,00;tak;984;984;0,00;479;0;0,00;505;48,7;0,0;140,57;16;38;
22.07.2026;środa;2026;7;Oświęcim;1;"Kacper J. (12:00-21:30)";9,50;tak;1164;1143,9;20,10;921;67;46,90;176;79,1;5,8;120,41;19;39;
23.07.2026;czwartek;2026;7;Osiek;1;"Tomek K. (14:00-21:00)";7,00;tak;411;411;0,00;181;0;0,00;230;44,0;0,0;58,71;11;40;
23.07.2026;czwartek;2026;7;Oświęcim;1;"Sebastian M. (12:00-21:00)";9,00;tak;1298;1285,4;12,60;998;42;29,40;258;76,9;3,2;142,82;20;58;
24.07.2026;piątek;2026;7;Osiek;1;"Tomek K. (12:00-21:30)";9,50;tak;1674;1674;0,00;783;0;0,00;891;46,8;0,0;176,21;18;25;
24.07.2026;piątek;2026;7;Oświęcim;1;"Sebastian M. (12:00-21:30)";9,50;tak;1392;1327,5;64,50;916;215;150,50;261;65,8;15,4;139,74;18;35;
25.07.2026;sobota;2026;7;Osiek;1;"Paweł K. (12:00-21:00)";9,00;tak;2202;2202;0,00;1258;0;0,00;944;57,1;0,0;244,67;7;15;
25.07.2026;sobota;2026;7;Oświęcim;1;"Sebastian M. (12:00-21:30)";9,50;tak;1120;1046,5;73,50;754;245;171,50;121;67,3;21,9;110,16;21;41;
26.07.2026;niedziela;2026;7;Osiek;1;"Paweł K. (14:00-21:00)";7,00;tak;1505;1505;0,00;831;0;0,00;674;55,2;0,0;215,00;16;27;
26.07.2026;niedziela;2026;7;Oświęcim;1;"Sebastian M. (14:00-18:30)";4,50;tak;98;83;15,00;48;50;35,00;0;49,0;51,0;18,44;6;7;
27.07.2026;poniedziałek;2026;7;Osiek;1;"Tomek K. (14:00-21:00)";7,00;tak;928;928;0,00;877;0;0,00;51;94,5;0,0;132,57;18;38;
27.07.2026;poniedziałek;2026;7;Oświęcim;1;"Paweł K. (12:00-20:00)";8,00;tak;689;658,1;30,90;502;103;72,10;84;72,9;14,9;82,26;3;23;
28.07.2026;wtorek;2026;7;Osiek;1;"Tomek K. (14:00-21:00)";7,00;tak;999;999;0,00;415;0;0,00;584;41,5;0,0;142,71;14;28;
28.07.2026;wtorek;2026;7;Oświęcim;1;"Sebastian M. (12:00-21:30)";9,50;tak;765;744,6;20,40;438;68;47,60;259;57,3;8,9;78,38;18;23;
29.07.2026;środa;2026;7;Osiek;1;"Tomek K. (14:00-21:00)";7,00;tak;969;969;0,00;664;0;0,00;305;68,5;0,0;138,43;13;25;
29.07.2026;środa;2026;7;Oświęcim;1;"Sebastian M. (12:00-21:30)";9,50;tak;974;931,4;42,60;793;142;99,40;39;81,4;14,6;98,04;16;40;
30.07.2026;czwartek;2026;7;Osiek;1;"Tomek K. (12:00-21:00)";9,00;tak;1249;1249;0,00;992;0;0,00;257;79,4;0,0;138,78;23;35;
30.07.2026;czwartek;2026;7;Oświęcim;1;"Paweł K. (12:00-21:00)";9,00;tak;604;604;0,00;331;0;0,00;273;54,8;0,0;67,11;2;18;
31.07.2026;piątek;2026;7;Osiek;1;"Paweł K. (12:00-21:00)";9,00;tak;1472;1472;0,00;252;0;0,00;1220;17,1;0,0;163,56;9;19;
31.07.2026;piątek;2026;7;Oświęcim;1;"Sebastian M. (12:00-20:30)";8,50;tak;1004;971;33,00;681;110;77,00;213;67,8;11,0;114,24;20;29;
01.08.2026;sobota;2026;8;Osiek;1;"Sebastian M. (12:00-21:30)";9,50;tak;2011;2011;0,00;1210;0;0,00;801;60,2;0,0;211,68;23;50;
01.08.2026;sobota;2026;8;Oświęcim;1;"Kacper J. (12:00-21:00)";9,00;tak;1396;1313,2;82,80;811;276;193,20;309;58,1;19,8;145,91;17;21;
02.08.2026;niedziela;2026;8;Osiek;2;"Sebastian M. (14:00-21:30) | Natalia D. (14:00-21:30)";15,00;tak;2387;2387;0,00;1417;0;0,00;970;59,4;0,0;159,13;22;34;
02.08.2026;niedziela;2026;8;Oświęcim;1;"Kacper J. (14:00-21:00)";7,00;tak;1170;1143,3;26,70;689;89;62,30;392;58,9;7,6;163,33;12;15;
03.08.2026;poniedziałek;2026;8;Osiek;1;"Tomek K. (14:00-21:00)";7,00;tak;778;778;0,00;309;0;0,00;469;39,7;0,0;111,14;12;25;
03.08.2026;poniedziałek;2026;8;Oświęcim;1;"Paweł K. (12:00-21:00)";9,00;tak;538;516,4;21,60;372;72;50,40;94;69,1;13,4;57,38;6;7;
04.08.2026;wtorek;2026;8;Osiek;1;"Tomek K. (17:00-21:30)";4,50;tak;641;641;0,00;375;0;0,00;266;58,5;0,0;142,44;15;33;
04.08.2026;wtorek;2026;8;Oświęcim;1;"Sebastian M. (17:00-21:30)";4,50;tak;688;673;15,00;577;50;35,00;61;83,9;7,3;149,56;11;22;
05.08.2026;środa;2026;8;Osiek;1;"Tomek K. (17:00-21:30)";4,50;tak;594;594;0,00;0;0;0,00;594;0,0;0,0;132,00;8;9;
05.08.2026;środa;2026;8;Oświęcim;1;"Sebastian M. (17:00-21:30)";4,50;tak;569;546,2;22,80;419;76;53,20;74;73,6;13,4;121,38;9;23;
06.08.2026;czwartek;2026;8;Osiek;1;"Tomek K. (14:00-20:30)";6,50;tak;956;956;0,00;557;0;0,00;399;58,3;0,0;147,08;11;12;
06.08.2026;czwartek;2026;8;Oświęcim;1;"Kacper J. (12:00-19:30)";7,50;tak;527;498,2;28,80;431;96;67,20;0;81,8;18,2;66,43;12;38;
07.08.2026;piątek;2026;8;Osiek;1;"Tomek K. (12:00-21:00)";9,00;tak;1653;1653;0,00;1262;0;0,00;391;76,3;0,0;183,67;16;24;
07.08.2026;piątek;2026;8;Oświęcim;1;"Sebastian M. (12:00-21:30)";9,50;tak;868;849,4;18,60;297;62;43,40;509;34,2;7,1;89,41;10;27;
08.08.2026;sobota;2026;8;Osiek;1;"Tomek K. (12:00-21:00)";9,00;tak;2275;2275;0,00;1598;0;0,00;677;70,2;0,0;252,78;20;42;
08.08.2026;sobota;2026;8;Oświęcim;1;"Kacper J. (12:00-20:30)";8,50;tak;1678;1622,8;55,20;1370;184;128,80;124;81,6;11,0;190,92;15;18;
09.08.2026;niedziela;2026;8;Osiek;2;"Sebastian M. (14:00-21:30) | Natalia D. (14:00-21:30)";15,00;tak;1988;1988;0,00;1040;0;0,00;948;52,3;0,0;132,53;19;21;
09.08.2026;niedziela;2026;8;Oświęcim;1;"Kacper J. (14:00-21:00)";7,00;tak;1425;1425;0,00;1035;0;0,00;390;72,6;0,0;203,57;18;18;
10.08.2026;poniedziałek;2026;8;Osiek;1;"Tomek K. (14:00-21:00)";7,00;tak;767;767;0,00;452;0;0,00;315;58,9;0,0;109,57;12;22;
10.08.2026;poniedziałek;2026;8;Oświęcim;1;"Kacper J. (12:00-21:00)";9,00;tak;806;785;21,00;579;70;49,00;157;71,8;8,7;87,22;16;27;
11.08.2026;wtorek;2026;8;Osiek;1;"Tomek K. (14:00-21:00)";7,00;tak;848;848;0,00;296;0;0,00;552;34,9;0,0;121,14;19;26;
11.08.2026;wtorek;2026;8;Oświęcim;1;"Sebastian M. (12:00-21:00)";9,00;tak;496;496;0,00;277;0;0,00;219;55,9;0,0;55,11;8;24;
12.08.2026;środa;2026;8;Osiek;1;"Tomek K. (14:00-21:00)";7,00;tak;1026;1026;0,00;826;0;0,00;200;80,5;0,0;146,57;14;18;
12.08.2026;środa;2026;8;Oświęcim;1;"Paweł K. (12:00-20:00)";8,00;tak;1502;1502;0,00;1108;0;0,00;394;73,8;0,0;187,75;10;14;
13.08.2026;czwartek;2026;8;Osiek;1;"Tomek K. (14:00-21:00)";7,00;tak;1105;1105;0,00;0;0;0,00;1105;0,0;0,0;157,86;14;32;
13.08.2026;czwartek;2026;8;Oświęcim;1;"Paweł K. (12:00-21:30)";9,50;tak;1260;1173,9;86,10;709;287;200,90;264;56,3;22,8;123,57;11;25;
14.08.2026;piątek;2026;8;Osiek;1;"Tomek K. (12:00-21:00)";9,00;tak;1723;1723;0,00;1397;0;0,00;326;81,1;0,0;191,44;20;38;
14.08.2026;piątek;2026;8;Oświęcim;1;"Sebastian M. (12:00-21:30)";9,50;tak;1779;1724,1;54,90;1134;183;128,10;462;63,7;10,3;181,48;21;28;
15.08.2026;sobota;2026;8;Osiek;2;"Sebastian M. (12:00-21:30) | Natalia D. (12:00-21:30)";19,00;tak;1713;1713;0,00;1116;0;0,00;597;65,2;0,0;90,16;23;46;
15.08.2026;sobota;2026;8;Oświęcim;1;"Paweł K. (12:00-20:00)";8,00;tak;1718;1647,2;70,80;1244;236;165,20;238;72,4;13,7;205,90;9;15;
16.08.2026;niedziela;2026;8;Osiek;2;"Sebastian M. (14:00-19:30) | Kacper J. (14:00-19:30)";11,00;tak;1224;1224;0,00;0;0;0,00;1224;0,0;0,0;111,27;18;19;
16.08.2026;niedziela;2026;8;Oświęcim;1;"Paweł K. (14:00-21:00)";7,00;tak;1097;1097;0,00;791;0;0,00;306;72,1;0,0;156,71;10;10;
17.08.2026;poniedziałek;2026;8;Osiek;1;"Paweł K. (14:00-20:30)";6,50;tak;896;896;0,00;0;0;0,00;896;0,0;0,0;137,85;7;18;
17.08.2026;poniedziałek;2026;8;Oświęcim;1;"Kacper J. (12:00-21:00)";9,00;tak;882;867,9;14,10;439;47;32,90;396;49,8;5,3;96,43;12;20;
18.08.2026;wtorek;2026;8;Osiek;1;"Paweł K. (14:00-20:30)";6,50;tak;794;794;0,00;578;0;0,00;216;72,8;0,0;122,15;10;32;
18.08.2026;wtorek;2026;8;Oświęcim;1;"Sebastian M. (12:00-21:30)";9,50;tak;1186;1117;69,00;809;230;161,00;147;68,2;19,4;117,58;27;38;
19.08.2026;środa;2026;8;Osiek;1;"Paweł K. (14:00-21:00)";7,00;tak;878;878;0,00;646;0;0,00;232;73,6;0,0;125,43;8;14;
19.08.2026;środa;2026;8;Oświęcim;1;"Sebastian M. (12:00-21:30)";9,50;tak;1128;1004,1;123,90;412;413;289,10;303;36,5;36,6;105,69;13;29;
20.08.2026;czwartek;2026;8;Osiek;1;"Paweł K. (14:00-21:00)";7,00;tak;1022;1022;0,00;854;0;0,00;168;83,6;0,0;146,00;9;27;
20.08.2026;czwartek;2026;8;Oświęcim;1;"Sebastian M. (12:00-21:30)";9,50;tak;774;733,2;40,80;459;136;95,20;179;59,3;17,6;77,18;11;29;
21.08.2026;piątek;2026;8;Osiek;1;"Paweł K. (12:00-20:30)";8,50;tak;676;676;0,00;334;0;0,00;342;49,4;0,0;79,53;9;23;
21.08.2026;piątek;2026;8;Oświęcim;1;"Sebastian M. (12:00-21:30)";9,50;tak;1172;1161,5;10,50;987;35;24,50;150;84,2;3,0;122,26;15;24;
22.08.2026;sobota;2026;8;Osiek;1;"Paweł K. (12:00-21:30)";9,50;tak;1204;1204;0,00;716;0;0,00;488;59,5;0,0;126,74;10;11;
22.08.2026;sobota;2026;8;Oświęcim;1;"Kacper J. (12:00-21:30)";9,50;tak;1250;1235,9;14,10;688;47;32,90;515;55,0;3,8;130,09;17;29;
23.08.2026;niedziela;2026;8;Osiek;1;"Paweł K. (14:00-18:00)";4,00;tak;1142;1142;0,00;496;0;0,00;646;43,4;0,0;285,50;8;11;
23.08.2026;niedziela;2026;8;Oświęcim;1;"Kacper J. (14:00-17:30)";3,50;tak;922;895,6;26,40;456;88;61,60;378;49,5;9,5;255,89;14;15;
24.08.2026;poniedziałek;2026;8;Osiek;1;"Paweł K. (14:00-20:30)";6,50;tak;621;621;0,00;328;0;0,00;293;52,8;0,0;95,54;8;25;
24.08.2026;poniedziałek;2026;8;Oświęcim;1;"Sebastian M. (12:00-20:30)";8,50;tak;344;344;0,00;131;0;0,00;213;38,1;0,0;40,47;5;5;
25.08.2026;wtorek;2026;8;Osiek;1;"Kacper J. (12:00-21:00)";9,00;tak;870;870;0,00;625;0;0,00;245;71,8;0,0;96,67;18;25;
25.08.2026;wtorek;2026;8;Oświęcim;2;"Kacper J. (12:00-14:00) | Natalia D. (14:00-21:30)";9,50;tak;963;843,3;119,70;448;399;279,30;116;46,5;41,4;88,77;14;24;
26.08.2026;środa;2026;8;Osiek;1;"Paweł K. (14:00-20:30)";6,50;tak;846;846;0,00;571;0;0,00;275;67,5;0,0;130,15;8;16;
26.08.2026;środa;2026;8;Oświęcim;1;"Sebastian M. (12:00-20:00)";8,00;tak;1138;1113,4;24,60;863;82;57,40;193;75,8;7,2;139,18;24;27;
27.08.2026;czwartek;2026;8;Osiek;1;"Paweł K. (14:00-21:00)";7,00;tak;1061;1061;0,00;683;0;0,00;378;64,4;0,0;151,57;13;17;
27.08.2026;czwartek;2026;8;Oświęcim;1;"Sebastian M. (12:00-21:30)";9,50;tak;761;761;0,00;449;0;0,00;312;59,0;0,0;80,11;21;32;
28.08.2026;piątek;2026;8;Osiek;1;"Paweł K. (12:00-20:30)";8,50;tak;909;909;0,00;574;0;0,00;335;63,1;0,0;106,94;12;30;
28.08.2026;piątek;2026;8;Oświęcim;1;"Kacper J. (12:00-21:00)";9,00;tak;1550;1522,1;27,90;981;93;65,10;476;63,3;6,0;169,12;17;20;
29.08.2026;sobota;2026;8;Osiek;1;"Paweł K. (12:00-20:30)";8,50;tak;1731;1731;0,00;1349;0;0,00;382;77,9;0,0;203,65;12;14;
29.08.2026;sobota;2026;8;Oświęcim;1;"Kacper J. (12:00-20:00)";8,00;tak;636;621,9;14,10;423;47;32,90;166;66,5;7,4;77,74;9;34;
30.08.2026;niedziela;2026;8;Osiek;1;"Paweł K. (12:00-21:00)";9,00;tak;1780;1780;0,00;1169;0;0,00;611;65,7;0,0;197,78;8;12;
30.08.2026;niedziela;2026;8;Oświęcim;1;"Sebastian M. (14:00-21:30)";7,50;tak;1325;1256,9;68,10;756;227;158,90;342;57,1;17,1;167,59;23;26;
31.08.2026;poniedziałek;2026;8;Osiek;1;"Sebastian M. (14:00-21:00)";7,00;tak;1239;1239;0,00;764;0;0,00;475;61,7;0,0;177,00;22;26;
31.08.2026;poniedziałek;2026;8;Oświęcim;1;"Kacper J. (12:00-21:30)";9,50;tak;965;965;0,00;533;0;0,00;432;55,2;0,0;101,58;20;28;
01.09.2026;wtorek;2026;9;Osiek;1;"Paweł K. (14:00-20:30)";6,50;tak;856;856;0,00;533;0;0,00;323;62,3;0,0;131,69;7;31;
01.09.2026;wtorek;2026;9;Oświęcim;1;"Sebastian M. (12:00-21:30)";9,50;tak;956;941,9;14,10;731;47;32,90;178;76,5;4,9;99,15;18;32;
02.09.2026;środa;2026;9;Osiek;1;"Paweł K. (14:00-20:30)";6,50;tak;555;555;0,00;431;0;0,00;124;77,7;0,0;85,38;6;23;
02.09.2026;środa;2026;9;Oświęcim;1;"Kacper J. (12:00-21:00)";9,00;tak;1342;1297;45,00;745;150;105,00;447;55,5;11,2;144,11;15;16;
03.09.2026;czwartek;2026;9;Osiek;1;"Paweł K. (14:00-20:30)";6,50;tak;651;651;0,00;379;0;0,00;272;58,2;0,0;100,15;7;19;
03.09.2026;czwartek;2026;9;Oświęcim;1;"Sebastian M. (12:00-21:30)";9,50;tak;906;863,4;42,60;616;142;99,40;148;68,0;15,7;90,88;20;26;
04.09.2026;piątek;2026;9;Osiek;1;"Paweł K. (12:00-20:30)";8,50;tak;757;757;0,00;515;0;0,00;242;68,0;0,0;89,06;6;7;
04.09.2026;piątek;2026;9;Oświęcim;1;"Kacper J. (12:00-20:30)";8,50;tak;1362;1282,2;79,80;642;266;186,20;454;47,1;19,5;150,85;14;16;
05.09.2026;sobota;2026;9;Osiek;1;"Paweł K. (14:00-20:00)";6,00;tak;1797;1797;0,00;1058;0;0,00;739;58,9;0,0;299,50;10;12;
05.09.2026;sobota;2026;9;Oświęcim;1;"Sebastian M. (12:00-21:30)";9,50;tak;1368;1334,7;33,30;772;111;77,70;485;56,4;8,1;140,49;17;30;
06.09.2026;niedziela;2026;9;Osiek;1;"Paweł K. (14:00-20:30)";6,50;tak;2274;2274;0,00;1384;0;0,00;890;60,9;0,0;349,85;15;19;
06.09.2026;niedziela;2026;9;Oświęcim;1;"Kacper J. (14:00-21:30)";7,50;tak;1177;1122,7;54,30;632;181;126,70;364;53,7;15,4;149,69;17;30;
07.09.2026;poniedziałek;2026;9;Osiek;1;"Paweł K. (14:00-20:00)";6,00;tak;779;779;0,00;554;0;0,00;225;71,1;0,0;129,83;8;19;
07.09.2026;poniedziałek;2026;9;Oświęcim;1;"Kacper J. (12:00-21:00)";9,00;tak;1187;1159,4;27,60;790;92;64,40;305;66,5;7,8;128,82;16;17;
08.09.2026;wtorek;2026;9;Osiek;1;"Paweł K. (12:00-20:00)";8,00;tak;622;622;0,00;450;0;0,00;172;72,3;0,0;77,75;6;20;
08.09.2026;wtorek;2026;9;Oświęcim;1;"Sebastian M. (12:00-21:30)";9,50;tak;1408;1333,3;74,70;562;249;174,30;597;39,9;17,7;140,35;29;39;
09.09.2026;środa;2026;9;Osiek;1;"Paweł K. (14:00-20:30)";6,50;tak;1103;1103;0,00;858;0;0,00;245;77,8;0,0;169,69;4;5;
09.09.2026;środa;2026;9;Oświęcim;1;"Sebastian M. (12:00-21:00)";9,00;tak;784;784;0,00;489;0;0,00;295;62,4;0,0;87,11;14;33;
10.09.2026;czwartek;2026;9;Osiek;1;"Paweł K. (14:00-20:30)";6,50;tak;1014;1014;0,00;498;0;0,00;516;49,1;0,0;156,00;8;17;
10.09.2026;czwartek;2026;9;Oświęcim;1;"Kacper J. (12:00-21:30)";9,50;tak;1020;987,9;32,10;611;107;74,90;302;59,9;10,5;103,99;17;27;
11.09.2026;piątek;2026;9;Osiek;1;"Paweł K. (14:00-20:00)";6,00;tak;936;936;0,00;366;0;0,00;570;39,1;0,0;156,00;14;28;
11.09.2026;piątek;2026;9;Oświęcim;1;"Sebastian M. (12:00-21:00)";9,00;tak;1468;1323,1;144,90;560;483;338,10;425;38,1;32,9;147,01;16;20;
12.09.2026;sobota;2026;9;Osiek;1;"Kacper J. (14:00-20:30)";6,50;tak;928;928;0,00;611;0;0,00;317;65,8;0,0;142,77;21;41;
12.09.2026;sobota;2026;9;Oświęcim;1;"Sebastian M. (12:00-21:30)";9,50;tak;1366;1337,5;28,50;625;95;66,50;646;45,8;7,0;140,79;18;28;
13.09.2026;niedziela;2026;9;Osiek;1;"Paweł K. (14:00-20:30)";6,50;tak;1853;1853;0,00;850;0;0,00;1003;45,9;0,0;285,08;14;15;
13.09.2026;niedziela;2026;9;Oświęcim;1;"Kacper J. (14:00-21:30)";7,50;tak;1390;1270,6;119,40;829;398;278,60;163;59,6;28,6;169,41;18;21;
14.09.2026;poniedziałek;2026;9;Osiek;1;"Paweł K. (14:00-20:00)";6,00;tak;497;497;0,00;288;0;0,00;209;58,0;0,0;82,83;9;26;
14.09.2026;poniedziałek;2026;9;Oświęcim;1;"Sebastian M. (12:00-20:00)";8,00;tak;531;506,4;24,60;347;82;57,40;102;65,3;15,4;63,30;9;29;
15.09.2026;wtorek;2026;9;Osiek;1;"Kacper J. (14:00-20:30)";6,50;tak;579;579;0,00;480;0;0,00;99;82,9;0,0;89,08;12;31;
15.09.2026;wtorek;2026;9;Oświęcim;1;"Sebastian M. (12:00-21:30)";9,50;tak;940;871,9;68,10;449;227;158,90;264;47,8;24,1;91,78;18;33;
16.09.2026;środa;2026;9;Osiek;1;"Paweł K. (14:00-20:30)";6,50;tak;629;629;0,00;454;0;0,00;175;72,2;0,0;96,77;4;4;
16.09.2026;środa;2026;9;Oświęcim;1;"Kacper J. (12:00-21:00)";9,00;tak;1259;1218,8;40,20;842;134;93,80;283;66,9;10,6;135,42;18;20;
17.09.2026;czwartek;2026;9;Osiek;1;"Paweł K. (14:00-20:00)";6,00;tak;537;537;0,00;409;0;0,00;128;76,2;0,0;89,50;7;27;
17.09.2026;czwartek;2026;9;Oświęcim;1;"Sebastian M. (12:00-21:30)";9,50;tak;868;800,8;67,20;543;224;156,80;101;62,6;25,8;84,29;17;36;
18.09.2026;piątek;2026;9;Osiek;1;"Paweł K. (14:00-20:00)";6,00;tak;956;956;0,00;399;0;0,00;557;41,7;0,0;159,33;8;25;
18.09.2026;piątek;2026;9;Oświęcim;1;"Sebastian M. (12:00-21:30)";9,50;tak;1282;1257,4;24,60;1030;82;57,40;170;80,3;6,4;132,36;27;39;
19.09.2026;sobota;2026;9;Osiek;1;"Paweł K. (14:00-20:00)";6,00;tak;1623;1623;0,00;1173;0;0,00;450;72,3;0,0;270,50;15;39;
19.09.2026;sobota;2026;9;Oświęcim;1;"Natalia D. (12:00-21:30)";9,50;tak;937;870,7;66,30;508;221;154,70;208;54,2;23,6;91,65;17;42;
20.09.2026;niedziela;2026;9;Osiek;1;"Kacper J. (14:00-20:30)";6,50;tak;945;945;0,00;380;0;0,00;565;40,2;0,0;145,38;23;42;
20.09.2026;niedziela;2026;9;Oświęcim;1;"Natalia D. (14:00-21:00)";7,00;tak;815;768,5;46,50;355;155;108,50;305;43,6;19,0;109,79;26;43;
21.09.2026;poniedziałek;2026;9;Osiek;1;"Paweł K. (14:00-20:00)";6,00;tak;1387;1387;0,00;1051;0;0,00;336;75,8;0,0;231,17;11;13;
21.09.2026;poniedziałek;2026;9;Oświęcim;1;"Sebastian M. (12:00-20:00)";8,00;tak;394;380,8;13,20;126;44;30,80;224;32,0;11,2;47,60;15;16;
22.09.2026;wtorek;2026;9;Osiek;1;"Paweł K. (14:00-20:00)";6,00;tak;706;706;0,00;479;0;0,00;227;67,8;0,0;117,67;3;20;
22.09.2026;wtorek;2026;9;Oświęcim;1;"Sebastian M. (12:00-21:00)";9,00;tak;886;858,4;27,60;641;92;64,40;153;72,3;10,4;95,38;18;26;
23.09.2026;środa;2026;9;Osiek;1;"Paweł K. (16:00-20:00)";4,00;tak;527;527;0,00;300;0;0,00;227;56,9;0,0;131,75;13;34;
23.09.2026;środa;2026;9;Oświęcim;1;"Kacper J. (12:00-21:30)";9,50;tak;1106;1019,3;86,70;307;289;202,30;510;27,8;26,1;107,29;26;30;
24.09.2026;czwartek;2026;9;Osiek;1;"Paweł K. (14:00-20:00)";6,00;tak;397;397;0,00;124;0;0,00;273;31,2;0,0;66,17;17;26;
24.09.2026;czwartek;2026;9;Oświęcim;1;"Sebastian M. (12:00-20:30)";8,50;tak;1071;1022,4;48,60;736;162;113,40;173;68,7;15,1;120,28;21;24;
25.09.2026;piątek;2026;9;Osiek;1;"Sebastian M. (14:00-20:30)";6,50;tak;1659;1659;0,00;924;0;0,00;735;55,7;0,0;255,23;19;25;
25.09.2026;piątek;2026;9;Oświęcim;1;"Kacper J. (12:00-21:30)";9,50;tak;884;884;0,00;701;0;0,00;183;79,3;0,0;93,05;25;43;
26.09.2026;sobota;2026;9;Osiek;2;"Sebastian M. (14:00-20:30) | Kacper J. (14:00-20:30)";13,00;tak;1540;1540;0,00;1115;0;0,00;425;72,4;0,0;118,46;22;41;
26.09.2026;sobota;2026;9;Oświęcim;1;"Paweł K. (12:00-21:00)";9,00;tak;1153;1100,5;52,50;435;175;122,50;543;37,7;15,2;122,28;8;9;
27.09.2026;niedziela;2026;9;Osiek;2;"Sebastian M. (12:00-21:00) | Kacper J. (12:00-21:00)";18,00;tak;3096;3096;0,00;1349;0;0,00;1747;43,6;0,0;172,00;25;32;
27.09.2026;niedziela;2026;9;Oświęcim;1;"Paweł K. (14:00-18:30)";4,50;tak;535;535;0,00;287;0;0,00;248;53,6;0,0;118,89;7;7;
28.09.2026;poniedziałek;2026;9;Osiek;1;"Paweł K. (14:00-20:00)";6,00;tak;389;389;0,00;315;0;0,00;74;81,0;0,0;64,83;7;31;
28.09.2026;poniedziałek;2026;9;Oświęcim;1;"Kacper J. (12:00-21:30)";9,50;tak;695;663,2;31,80;378;106;74,20;211;54,4;15,3;69,81;11;30;
29.09.2026;wtorek;2026;9;Osiek;1;"Paweł K. (14:00-20:30)";6,50;tak;907;907;0,00;631;0;0,00;276;69,6;0,0;139,54;10;26;
29.09.2026;wtorek;2026;9;Oświęcim;1;"Sebastian M. (12:00-21:00)";9,00;tak;524;524;0,00;482;0;0,00;42;92,0;0,0;58,22;6;31;
